id,name,group,transport,volume,tags,price_min,price_avg,price_max,component,source
advancedcomposites,Advanced Composites,hightech,container,32,container economy stationbuilding,432,540,648,,
advancedelectronics,Advanced Electronics,shiptech,container,30,container economy stationbuilding,710,1014,1318,,
antimattercells,Antimatter Cells,refined,container,18,container economy,121,202,282,,
antimatterconverters,Antimatter Converters,shiptech,container,10,container economy,248,354,461,,
bomb_player_limpet_emp_01_mk1,Spacesuit EMP,hardware,inventory,1,bomb crafting inventory personalupgrade,110000,120000,130000,bomb_player_limpet_emp_01_mk1_macro,
bomb_player_limpet_mine_01_mk1,Spacesuit Bomb,hardware,inventory,1,bomb crafting inventory personalupgrade,85000,90000,100000,bomb_player_limpet_mine_01_mk1_macro,
claytronics,Claytronics,shiptech,container,24,container economy stationbuilding,1734,2040,2346,,
clothingmod_0001,Clothing Mod 0001,,inventory,1,clothingmod inventory,1,1,1,,
clothingmod_0002,Clothing Mod 0002,,inventory,1,clothingmod inventory,1,1,1,,
clothingmod_0003,Clothing Mod 0001,,inventory,1,clothingmod inventory,1,1,1,,
countermeasure_flares_01,Flares,countermeasures,equipment,1,countermeasure equipment,2179,2421,2663,countermeasure_flares_01_macro,
credits,Credits,,inventory,1,,1,1,1,,
crew,Crewman,,passenger,1,,5000,7500,10000,,
dronecomponents,Drone Components,shiptech,container,30,container economy,685,914,1142,,
energycells,Energy Cells,energy,container,1,container economy stationbuilding,10,16,22,,
engineparts,Engine Parts,hightech,container,15,container economy,128,182,237,,
engine_arg_l_allround_01_mk1,ARG L All-round Engine Mk1,engines,equipment,1,engine equipment,321518,357242,392966,engine_arg_l_allround_01_mk1_macro,
engine_arg_l_travel_01_mk1,ARG L Travel Engine Mk1,engines,equipment,1,engine equipment,337593,375104,412614,engine_arg_l_travel_01_mk1_macro,
engine_arg_m_allround_01_mk1,ARG M All-round Engine Mk1,engines,equipment,1,engine equipment,11767,13074,14382,engine_arg_m_allround_01_mk1_macro,
engine_arg_m_allround_01_mk2,ARG M All-round Engine Mk2,engines,equipment,1,engine equipment,58166,64629,71092,engine_arg_m_allround_01_mk2_macro,
engine_arg_m_allround_01_mk3,ARG M All-round Engine Mk3,engines,equipment,1,engine equipment,287722,319691,351660,engine_arg_m_allround_01_mk3_macro,
engine_arg_m_combat_01_mk1,ARG M Combat Engine Mk1,engines,equipment,1,engine equipment,14357,15952,17547,engine_arg_m_combat_01_mk1_macro,
engine_arg_m_combat_01_mk2,ARG M Combat Engine Mk2,engines,equipment,1,engine equipment,69711,77457,85202,engine_arg_m_combat_01_mk2_macro,
engine_arg_m_combat_01_mk3,ARG M Combat Engine Mk3,engines,equipment,1,engine equipment,345444,383827,422209,engine_arg_m_combat_01_mk3_macro,
engine_arg_m_travel_01_mk1,ARG M Travel Engine Mk1,engines,equipment,1,engine equipment,13062,14513,15964,engine_arg_m_travel_01_mk1_macro,
engine_arg_m_travel_01_mk2,ARG M Travel Engine Mk2,engines,equipment,1,engine equipment,65234,72482,79730,engine_arg_m_travel_01_mk2_macro,
engine_arg_m_travel_01_mk3,ARG M Travel Engine Mk3,engines,equipment,1,engine equipment,331013,367793,404572,engine_arg_m_travel_01_mk3_macro,
engine_arg_s_allround_01_mk1,ARG S All-round Engine Mk1,engines,equipment,1,engine equipment,5526,6140,6754,engine_arg_s_allround_01_mk1_macro,
engine_arg_s_allround_01_mk2,ARG S All-round Engine Mk2,engines,equipment,1,engine equipment,26370,29300,32230,engine_arg_s_allround_01_mk2_macro,
engine_arg_s_allround_01_mk3,ARG S All-round Engine Mk3,engines,equipment,1,engine equipment,123301,137001,150701,engine_arg_s_allround_01_mk3_macro,
engine_arg_s_combat_01_mk1,ARG S Combat Engine Mk1,engines,equipment,1,engine equipment,8116,9017,9919,engine_arg_s_combat_01_mk1_macro,
engine_arg_s_combat_01_mk2,ARG S Combat Engine Mk2,engines,equipment,1,engine equipment,40504,45005,49505,engine_arg_s_combat_01_mk2_macro,
engine_arg_s_combat_01_mk3,ARG S Combat Engine Mk3,engines,equipment,1,engine equipment,181023,201137,221250,engine_arg_s_combat_01_mk3_macro,
engine_arg_s_travel_01_mk1,ARG S Travel Engine Mk1,engines,equipment,1,engine equipment,6821,7579,8336,engine_arg_s_travel_01_mk1_macro,
engine_arg_s_travel_01_mk2,ARG S Travel Engine Mk2,engines,equipment,1,engine equipment,34732,38591,42450,engine_arg_s_travel_01_mk2_macro,
engine_arg_s_travel_01_mk3,ARG S Travel Engine Mk3,engines,equipment,1,engine equipment,166592,185103,203613,engine_arg_s_travel_01_mk3_macro,
engine_arg_xl_allround_01_mk1,ARG XL All-round Engine Mk1,engines,equipment,1,engine equipment,424061,471179,518297,engine_arg_xl_allround_01_mk1_macro,
engine_arg_xl_travel_01_mk1,ARG XL Travel Engine Mk1,engines,equipment,1,engine equipment,445263,494737,544210,engine_arg_xl_travel_01_mk1_macro,
engine_gen_spacesuit_01_mk1,Spacesuit Thrusters Mk1,engines,inventory,1,disallowdrop engine equipment inventory noblueprint nocustomgamestart noplayerblueprint personalupgrade,800,1000,1200,engine_gen_spacesuit_01_mk1_macro,
engine_gen_spacesuit_01_mk2,Spacesuit Thrusters Mk2,engines,inventory,1,disallowdrop engine equipment inventory noblueprint noplayerblueprint personalupgrade,45000,60000,75000,engine_gen_spacesuit_01_mk2_macro,
engine_kha_l_destroyer_01_allround_01_mk1,Kha'ak L Engine,engines,equipment,1,engine equipment noblueprint noplayerblueprint,0,0,0,engine_kha_l_destroyer_01_allround_01_mk1_macro,
engine_kha_m_combat_01_mk1,KHA M Combat Engine Mk1,engines,equipment,1,engine equipment noblueprint noplayerblueprint,0,0,0,engine_kha_m_combat_01_mk1_macro,
engine_kha_m_combat_02_mk1,KHA M Combat Engine Array Mk1,engines,equipment,1,engine equipment noblueprint noplayerblueprint,0,0,0,engine_kha_m_combat_02_mk1_macro,
engine_kha_s_combat_01_mk1,KHA S Combat Engine Mk1,engines,equipment,1,engine equipment noblueprint noplayerblueprint,0,0,0,engine_kha_s_combat_01_mk1_macro,
engine_kha_xl_battleship_01_allround_01_mk1,Kha'ak XL Engine,engines,equipment,1,engine equipment noblueprint noplayerblueprint,0,0,0,engine_kha_xl_battleship_01_allround_01_mk1_macro,
engine_par_l_allround_01_mk1,PAR L All-round Engine Mk1,engines,equipment,1,engine equipment,324732,360814,396895,engine_par_l_allround_01_mk1_macro,
engine_par_l_travel_01_mk1,PAR L Travel Engine Mk1,engines,equipment,1,engine equipment,340969,378855,416740,engine_par_l_travel_01_mk1_macro,
engine_par_m_allround_01_mk1,PAR M All-round Engine Mk1,engines,equipment,1,engine equipment,11767,13074,14382,engine_par_m_allround_01_mk1_macro,
engine_par_m_allround_01_mk2,PAR M All-round Engine Mk2,engines,equipment,1,engine equipment,58166,64629,71092,engine_par_m_allround_01_mk2_macro,
engine_par_m_allround_01_mk3,PAR M All-round Engine Mk3,engines,equipment,1,engine equipment,287722,319691,351660,engine_par_m_allround_01_mk3_macro,
engine_par_m_combat_01_mk1,PAR M Combat Engine Mk1,engines,equipment,1,engine equipment,14357,15952,17547,engine_par_m_combat_01_mk1_macro,
engine_par_m_combat_01_mk2,PAR M Combat Engine Mk2,engines,equipment,1,engine equipment,69711,77457,85202,engine_par_m_combat_01_mk2_macro,
engine_par_m_combat_01_mk3,PAR M Combat Engine Mk3,engines,equipment,1,engine equipment,345444,383827,422209,engine_par_m_combat_01_mk3_macro,
engine_par_m_travel_01_mk1,PAR M Travel Engine Mk1,engines,equipment,1,engine equipment,13062,14513,15964,engine_par_m_travel_01_mk1_macro,
engine_par_m_travel_01_mk2,PAR M Travel Engine Mk2,engines,equipment,1,engine equipment,65234,72482,79730,engine_par_m_travel_01_mk2_macro,
engine_par_m_travel_01_mk3,PAR M Travel Engine Mk3,engines,equipment,1,engine equipment,331013,367793,404572,engine_par_m_travel_01_mk3_macro,
engine_par_s_allround_01_mk1,PAR S All-round Engine Mk1,engines,equipment,1,engine equipment,5526,6140,6754,engine_par_s_allround_01_mk1_macro,
engine_par_s_allround_01_mk2,PAR S All-round Engine Mk2,engines,equipment,1,engine equipment,26370,29300,32230,engine_par_s_allround_01_mk2_macro,
engine_par_s_allround_01_mk3,PAR S All-round Engine Mk3,engines,equipment,1,engine equipment,123301,137001,150701,engine_par_s_allround_01_mk3_macro,
engine_par_s_combat_01_mk1,PAR S Combat Engine Mk1,engines,equipment,1,engine equipment,8116,9017,9919,engine_par_s_combat_01_mk1_macro,
engine_par_s_combat_01_mk2,PAR S Combat Engine Mk2,engines,equipment,1,engine equipment,40504,45005,49505,engine_par_s_combat_01_mk2_macro,
engine_par_s_combat_01_mk3,PAR S Combat Engine Mk3,engines,equipment,1,engine equipment,181023,201137,221250,engine_par_s_combat_01_mk3_macro,
engine_par_s_travel_01_mk1,PAR S Travel Engine Mk1,engines,equipment,1,engine equipment,6821,7579,8336,engine_par_s_travel_01_mk1_macro,
engine_par_s_travel_01_mk2,PAR S Travel Engine Mk2,engines,equipment,1,engine equipment,34732,38591,42450,engine_par_s_travel_01_mk2_macro,
engine_par_s_travel_01_mk3,PAR S Travel Engine Mk3,engines,equipment,1,engine equipment,166592,185103,203613,engine_par_s_travel_01_mk3_macro,
engine_par_xl_allround_01_mk1,PAR XL All-round Engine Mk1,engines,equipment,1,engine equipment,428301,475890,523479,engine_par_xl_allround_01_mk1_macro,
engine_par_xl_travel_01_mk1,PAR XL Travel Engine Mk1,engines,equipment,1,engine equipment,449716,499685,549653,engine_par_xl_travel_01_mk1_macro,
engine_tel_l_allround_01_mk1,TEL L All-round Engine Mk1,engines,equipment,1,engine equipment,321235,356928,392621,engine_tel_l_allround_01_mk1_macro,
engine_tel_l_travel_01_mk1,TEL L Travel Engine Mk1,engines,equipment,1,engine equipment,337296,374774,412251,engine_tel_l_travel_01_mk1_macro,
engine_tel_m_allround_01_mk1,TEL M All-round Engine Mk1,engines,equipment,1,engine equipment,11757,13064,14370,engine_tel_m_allround_01_mk1_macro,
engine_tel_m_allround_01_mk2,TEL M All-round Engine Mk2,engines,equipment,1,engine equipment,58118,64575,71033,engine_tel_m_allround_01_mk2_macro,
engine_tel_m_allround_01_mk3,TEL M All-round Engine Mk3,engines,equipment,1,engine equipment,287479,319421,351363,engine_tel_m_allround_01_mk3_macro,
engine_tel_m_combat_01_mk1,TEL M Combat Engine Mk1,engines,equipment,1,engine equipment,14345,15939,17533,engine_tel_m_combat_01_mk1_macro,
engine_tel_m_combat_01_mk2,TEL M Combat Engine Mk2,engines,equipment,1,engine equipment,69652,77391,85131,engine_tel_m_combat_01_mk2_macro,
engine_tel_m_combat_01_mk3,TEL M Combat Engine Mk3,engines,equipment,1,engine equipment,345151,383501,421851,engine_tel_m_combat_01_mk3_macro,
engine_tel_m_travel_01_mk1,TEL M Travel Engine Mk1,engines,equipment,1,engine equipment,13051,14501,15952,engine_tel_m_travel_01_mk1_macro,
engine_tel_m_travel_01_mk2,TEL M Travel Engine Mk2,engines,equipment,1,engine equipment,65179,72421,79663,engine_tel_m_travel_01_mk2_macro,
engine_tel_m_travel_01_mk3,TEL M Travel Engine Mk3,engines,equipment,1,engine equipment,330733,367481,404229,engine_tel_m_travel_01_mk3_macro,
engine_tel_s_allround_01_mk1,TEL S All-round Engine Mk1,engines,equipment,1,engine equipment,5522,6135,6749,engine_tel_s_allround_01_mk1_macro,
engine_tel_s_allround_01_mk2,TEL S All-round Engine Mk2,engines,equipment,1,engine equipment,26348,29276,32203,engine_tel_s_allround_01_mk2_macro,
engine_tel_s_allround_01_mk3,TEL S All-round Engine Mk3,engines,equipment,1,engine equipment,123197,136885,150574,engine_tel_s_allround_01_mk3_macro,
engine_tel_s_combat_01_mk1,TEL S Combat Engine Mk1,engines,equipment,1,engine equipment,8110,9011,9912,engine_tel_s_combat_01_mk1_macro,
engine_tel_s_combat_01_mk2,TEL S Combat Engine Mk2,engines,equipment,1,engine equipment,40471,44967,49464,engine_tel_s_combat_01_mk2_macro,
engine_tel_s_combat_01_mk3,TEL S Combat Engine Mk3,engines,equipment,1,engine equipment,180869,200966,221062,engine_tel_s_combat_01_mk3_macro,
engine_tel_s_travel_01_mk1,TEL S Travel Engine Mk1,engines,equipment,1,engine equipment,6816,7573,8330,engine_tel_s_travel_01_mk1_macro,
engine_tel_s_travel_01_mk2,TEL S Travel Engine Mk2,engines,equipment,1,engine equipment,34703,38559,42415,engine_tel_s_travel_01_mk2_macro,
engine_tel_s_travel_01_mk3,TEL S Travel Engine Mk3,engines,equipment,1,engine equipment,199741,221935,244128,engine_tel_s_travel_01_mk3_macro,
engine_tel_xl_allround_01_mk1,TEL XL All-round Engine Mk1,engines,equipment,1,engine equipment,423689,470766,517843,engine_tel_xl_allround_01_mk1_macro,
engine_tel_xl_travel_01_mk1,TEL XL Travel Engine Mk1,engines,equipment,1,engine equipment,444873,494304,543734,engine_tel_xl_travel_01_mk1_macro,
engine_xen_l_allround_01_mk1,XEN L All-round Engine Mk1,engines,equipment,1,engine equipment noplayerblueprint,321322,357024,392726,engine_xen_l_allround_01_mk1_macro,
engine_xen_l_allround_02_mk1,XEN L All-round Engine Mk1,engines,equipment,1,engine equipment,321322,357024,392726,engine_xen_l_allround_02_mk1_macro,
engine_xen_m_combat_01_mk1,XEN M Combat Engine Mk1,engines,equipment,1,engine equipment noplayerblueprint,15811,17568,19325,engine_xen_m_combat_01_mk1_macro,
engine_xen_m_travel_01_mk1,XEN M Travel Engine Mk1,engines,equipment,1,engine equipment noplayerblueprint,14256,15840,17424,engine_xen_m_travel_01_mk1_macro,
engine_xen_m_virtual_01_mk1,XEN M Combat Engine Mk1,engines,equipment,1,engine equipment,15811,17568,19325,engine_xen_m_virtual_01_mk1_macro,
engine_xen_s_combat_01_mk1,XEN S Combat Engine Mk1,engines,equipment,1,engine equipment noplayerblueprint,6134,6816,7498,engine_xen_s_combat_01_mk1_macro,
engine_xen_s_virtual_01_mk1,XEN S Combat Engine Mk1,engines,equipment,1,engine equipment,6134,6816,7498,engine_xen_s_virtual_01_mk1_macro,
engine_xen_xl_allround_01_mk1,XEN XL All-round Engine Mk1,engines,equipment,1,engine equipment noplayerblueprint,424138,471264,518390,engine_xen_xl_allround_01_mk1_macro,
fieldcoils,Field Coils,shiptech,container,15,container economy stationbuilding,247,412,576,,
foodrations,Food Rations,food,container,1,container economy,12,21,29,,
graphene,Graphene,refined,container,20,container economy,100,166,233,,
helium,Helium,gases,liquid,6,economy gas liquid minable,37,44,51,,
hullparts,Hull Parts,hightech,container,12,container economy stationbuilding,146,209,272,,
hydrogen,Hydrogen,gases,liquid,6,economy gas liquid minable,49,58,67,,
ice,Ice,ice,solid,8,economy minable mineral solid,26,30,35,,
inv_advancedtargetingmodule,Advanced Targeting Module,hardware,inventory,1,inventory tradeonly,8548,10056,11565,,
inv_agidevice_01,AGI Processor,contraband,inventory,1,crafting inventory,7939,10585,13232,,
inv_agidevice_02,AGI Heuristic Core,contraband,inventory,1,crafting inventory,3879,4563,5248,,
inv_agidevice_03,AGI Neural Network,contraband,inventory,1,crafting inventory,7488,9983,12479,,
inv_algaescrubber,Algae Scrubber,generalitem,inventory,1,inventory tradeonly,742,872,1003,,
inv_antimatter_injection_sensor,Antimatter Injection Sensor,,inventory,1,inventory missiononly,1,1,1,,
inv_aquamarine_pearl,Aquamarine Pearl,,inventory,1,inventory missiononly,1,1,1,,
inv_aquaponicvegetable,Aquaponic Vegetables,luxuryitem,inventory,1,bribe crafting inventory,4298,5056,5814,,
inv_argnusteak,Argnu Steak,luxuryitem,inventory,1,crafting inventory,644,757,871,,
inv_argnu_softtoy,Argnu Soft Toy,,inventory,1,inventory missiononly nocustomgamestart,1,1,1,,
inv_argon_voting_ballot,Argon Voting Ballot,,inventory,1,inventory missiononly,1,1,1,,
inv_artificial_paranid_eye,Artificial Paranid Eye,,inventory,1,inventory missiononly,1,1,1,,
inv_bandages,Bandages,generalitem,inventory,1,crafting inventory,96,112,129,,
inv_biometric_data,Biometric Data,,inventory,1,inventory missiononly,1,1,1,,
inv_bionic_augmentation,Bionic Augmentation,,inventory,1,inventory missiononly,1,1,1,,
inv_bofu_burger,BoFu Burger,,inventory,1,inventory missiononly,1,1,1,,
inv_bone_fragments,Bone Fragments,,inventory,1,inventory missiononly,1,1,1,,
inv_boost_injection_regulator,Boost Injection Regulator,,inventory,1,inventory missiononly nocustomgamestart,1,1,1,,
inv_bootleg_entertainment,Bootleg Entertainment,,inventory,1,inventory missiononly,1,1,1,,
inv_boron_pheromone_sample,Boron Pheromone Sample,,inventory,1,inventory missiononly,1,1,1,,
inv_bottle_musk,Bottle of Musk,,inventory,1,inventory missiononly,1,1,1,,
inv_bridge_display_node,Bridge Display Node,,inventory,1,inventory missiononly nocustomgamestart,1,1,1,,
inv_cahoonas,Cahoonas,luxuryitem,inventory,1,crafting inventory,225,265,305,,
inv_capacitor,Capacitor,hardware,inventory,1,crafting inventory,367,432,497,,
inv_carbonfilter,Carbon Filter,generalitem,inventory,1,inventory tradeonly,691,812,934,,
inv_charged_particle_regulator,Charged Particle Regulator,,inventory,1,inventory missiononly,1,1,1,,
inv_command_terminal_connector,Command Terminal Connector,,inventory,1,inventory missiononly nocustomgamestart,1,1,1,,
inv_confidential_dossier,Confidential Dossier,,inventory,1,inventory missiononly,1,1,1,,
inv_contaminated_soil_sample,Contaminated Soil Sample,,inventory,1,inventory missiononly,1,1,1,,
inv_cosmetics_kit,Cosmetics Kit,,inventory,1,inventory missiononly,1,1,1,,
inv_counterfeit_luxury_goods,Counterfeit Luxury Goods,,inventory,1,inventory missiononly,1,1,1,,
inv_crystalbinder,Crystal Binder,generalitem,inventory,1,crafting inventory,708,833,958,,
inv_crystalbit,Crystal Bit,curiosity,inventory,1,crafting inventory,827,972,1118,,
inv_crystal_01,Bandannite Crystal,curiosity,inventory,1,crafting inventory,850,1000,1150,collectable_crystal_s_01_macro,
inv_crystal_02,Menelaene Crystal,curiosity,inventory,1,inventory tradeonly,8500,10000,11500,collectable_crystal_s_02_macro,
inv_crystal_03,Aguilite Crystal,curiosity,inventory,1,inventory tradeonly,12000,15000,17000,collectable_crystal_s_03_macro,
inv_crystal_04,Mitonene Crystal,curiosity,inventory,1,inventory tradeonly,15555,20000,24500,collectable_crystal_s_04_macro,
inv_crystal_05,Burnite Crystal,curiosity,inventory,1,inventory tradeonly,100000,125000,150000,collectable_crystal_s_05_macro,
inv_damagedsingularityengine,Damaged Singularity Engine,hardware,inventory,1,inventory tradeonly,88886,118514,148143,,
inv_damaged_keycard,Damaged Key Card,,inventory,1,inventory missiononly,1,1,1,,
inv_datafragment,Data Fragment,hardware,inventory,1,crafting inventory,1088,1280,1472,,
inv_decryptionmodule,Decryption Module,contraband,inventory,1,crafting inventory,7668,9021,10375,,
inv_digitalseminar_boarding,Digital Seminar (Boarding),,inventory,1,deprecated gift inventory,85,100,115,,
inv_digitalseminar_engineering,Digital Seminar (Engineering),,inventory,1,deprecated gift inventory,85,100,115,,
inv_digitalseminar_management,Digital Seminar (Management),,inventory,1,deprecated gift inventory,85,100,115,,
inv_digitalseminar_morale,Digital Seminar (Morale),,inventory,1,deprecated gift inventory,85,100,115,,
inv_digitalseminar_piloting,Digital Seminar (Piloting),,inventory,1,deprecated gift inventory,85,100,115,,
inv_dna_sample,DNA Sample,,inventory,1,inventory missiononly,1,1,1,,
inv_electronics,Electronics,generalitem,inventory,1,crafting inventory,17058,20068,23078,,
inv_encrypted_accesskey,Encrypted Access Key,,inventory,1,inventory missiononly tradeonly,1,1,1,,
inv_encrypted_contract,Encrypted Contract,,inventory,1,inventory missiononly tradeonly,1,1,1,,
inv_encrypted_espionagedocument,Encrypted Espionage Documents,,inventory,1,inventory missiononly tradeonly,1,1,1,,
inv_encrypted_evidence,Encrypted Evidence,,inventory,1,inventory missiononly tradeonly,1,1,1,,
inv_encrypted_malware,Encrypted Malware,,inventory,1,inventory missiononly tradeonly,1,1,1,,
inv_encrypted_recording,Encrypted Recording,,inventory,1,inventory missiononly tradeonly,1,1,1,,
inv_encrypted_report,Encrypted Report,,inventory,1,inventory missiononly tradeonly,1,1,1,,
inv_encrypted_researchpaper,Encrypted Research Paper,,inventory,1,inventory missiononly tradeonly,1,1,1,,
inv_experimental_medicine,Experimental Vaccine,,inventory,1,inventory missiononly,1,1,1,,
inv_eyepatch,Eye Patch,,inventory,1,inventory missiononly,1,1,1,,
inv_familyheirloom,Family Heirloom,,inventory,1,inventory missiononly tradeonly,1,1,1,,
inv_fidget_toy,Fidget Toy,,inventory,1,inventory missiononly,1,1,1,,
inv_finemeal,Fine Meal,luxuryitem,inventory,1,bribe crafting inventory,12786,15042,17299,,
inv_firstaidkit,First Aid Kit,generalitem,inventory,1,crafting inventory,8944,10523,12101,,
inv_fluxcapacitor,Flux Capacitor,generalitem,inventory,1,inventory tradeonly,97365,129819,162274,,
inv_glass_figurine,Glass Figurine,,inventory,1,inventory missiononly,1,1,1,,
inv_glowmalt,Glow Malt,luxuryitem,inventory,1,crafting inventory,1839,2164,2489,,
inv_hallucinogenics,Hallucinogenics,contraband,inventory,1,crafting inventory,6264,8352,10440,,
inv_harddrug_01,Delirium,contraband,inventory,1,crafting inventory,45671,60895,76118,,
inv_harmonicresonator,Harmonic Resonator,luxuryitem,inventory,1,bribe crafting inventory,10625,12500,14375,,
inv_hatikvah_dossier_dalbusta,Hatikvah Dossier: Dal Busta,,inventory,1,inventory missiononly,1,1,1,,
inv_head_of_split,Head of a Split,,inventory,1,inventory missiononly,8500000,10000000,11500000,,
inv_herbicide,Herbicide,generalitem,inventory,1,inventory tradeonly,201,236,272,,
inv_holyorder_cipher,Holy Order Cipher,,inventory,1,inventory missiononly nocustomgamestart,1,1,1,,
inv_hotdogs,"Jar of ""Cerberus"" Brand Hotdogs",,inventory,1,inventory missiononly,1,1,1,,
inv_hydraulicpump,Hydraulic Pump,generalitem,inventory,1,inventory tradeonly,408,479,551,,
inv_infusedbeverage,Infused Beverage,luxuryitem,inventory,1,bribe crafting inventory,8363,9839,11315,,
inv_interfaceunit,Interface Unit,hardware,inventory,1,crafting inventory,811,954,1098,,
inv_kyondevice_01,Kyon Crystallite,curiosity,inventory,1,inventory,15018,20023,25029,,
inv_kyondevice_02,Kyon Crystal Shard,curiosity,inventory,1,inventory,34544,40639,46735,,
inv_kyondevice_03,Kyon Crystal,curiosity,inventory,1,inventory,60409,80545,100682,,
inv_lastwill_testament,Last Will and Testament,,inventory,1,inventory missiononly,1,1,1,,
inv_leather_journal,Leather Journal,,inventory,1,inventory missiononly,1,1,1,,
inv_lostfragment,Lost Fragment,curiosity,inventory,1,crafting inventory,627,738,849,,
inv_magneticmaterial,Lodestone,curiosity,inventory,1,crafting inventory,46,54,63,,
inv_majaglit,Majaglit,luxuryitem,inventory,1,bribe crafting inventory,2833,3333,3833,,
inv_massompowder,Massom Powder,luxuryitem,inventory,1,crafting inventory,802,943,1084,,
inv_microbrewdrink,Microbrew Drink,luxuryitem,inventory,1,bribe crafting inventory,8643,10169,11694,,
inv_microgimble,Micro-Gimbal,generalitem,inventory,1,inventory tradeonly,553,650,748,,
inv_micromotor,Micro-Motor,generalitem,inventory,1,inventory tradeonly,482,567,653,,
inv_mixedfruit,Mixed Fruit,luxuryitem,inventory,1,crafting inventory,342,402,463,,
inv_modulartrigger,Modular Trigger,hardware,inventory,1,inventory tradeonly,482,567,653,,
inv_morpher_globe,Morpher Globe,,inventory,1,inventory missiononly,1,1,1,,
inv_nanite_fabricator,Nanite Fabricator,,inventory,1,inventory missiononly,1,1,1,,
inv_nautical_telescope,Brass Nautical Telescope,,inventory,1,inventory missiononly,1,1,1,,
inv_needle,Needle,generalitem,inventory,1,crafting inventory,544,640,736,,
inv_neuralstimulator,Neural Stimulator,contraband,inventory,1,bribe crafting inventory,11341,13342,15343,,
inv_nishala_oceanwater_sample,Nishala Ocean Water Sample,,inventory,1,inventory missiononly,1,1,1,,
inv_nividiumdreams_scalemodel,Nividium Dreams Scale Model,,inventory,1,inventory missiononly,1,1,1,,
inv_nividiumjewel,Nividium Jewel,luxuryitem,inventory,1,bribe crafting inventory,13243,15581,17918,,
inv_nividium_hifi_cable,Nividium-plated Hi-fi Cable,,inventory,1,inventory missiononly,1,1,1,,
inv_nividium_scalescraper,Nividium Scale-Scraper,,inventory,1,inventory missiononly,1,1,1,,
inv_nyanasfortune_scalemodel,Nyana's Fortune Scale Model,,inventory,1,inventory missiononly,1,1,1,,
inv_paranid_religious_tract,Paranid Religious Tract,,inventory,1,inventory missiononly,1,1,1,,
inv_preciousring,Precious Ring,,inventory,1,inventory missiononly tradeonly,1,1,1,,
inv_pricelessart,Priceless Art,,inventory,1,inventory missiononly tradeonly,1,1,1,,
inv_processing_panel_12G,Processing Panel Unit 12G,curiosity,inventory,1,inventory nocustomgamestart,42539,46746,50953,,
inv_processing_panel_19L,Processing Panel Unit 19L,curiosity,inventory,1,inventory nocustomgamestart,21704,23850,25997,,
inv_processing_panel_46B,Processing Panel Unit 46B,curiosity,inventory,1,inventory nocustomgamestart,6077,6678,7279,,
inv_processing_panel_7A,Processing Panel Unit 7A,curiosity,inventory,1,inventory nocustomgamestart,2604,2862,3120,,
inv_processing_panel_8X,Processing Panel Unit 8X,curiosity,inventory,1,inventory nocustomgamestart,11286,12402,13518,,
inv_produce,Produce,luxuryitem,inventory,1,crafting inventory,97,114,131,,
inv_programmablefieldarray,Programmable Field Array,hardware,inventory,1,inventory tradeonly,105882,141176,176470,,
inv_quantum_data_shard,AGI Quantum Data Shard,curiosity,inventory,1,inventory nocustomgamestart tradeonly,47635,56042,64448,,
inv_rapidsandfilter,Rapid Sand Filter,generalitem,inventory,1,inventory tradeonly,673,791,910,,
inv_rareartefact,Rare Artifact,curiosity,inventory,1,bribe crafting inventory,7781,9154,10527,,
inv_rarespices,Rare Spices,luxuryitem,inventory,1,crafting inventory,819,963,1108,,
inv_reactor_control_fuse,Reactor Control Fuse,,inventory,1,inventory missiononly nocustomgamestart,1,1,1,,
inv_remotedetonator,Remote Detonator,hardware,inventory,1,crafting inventory,13513,15897,18282,,
inv_salvagedelectronics,Salvaged Electronics,generalitem,inventory,1,crafting inventory,124,145,167,,
inv_sandwell_archive_pass,Sandwell Archive Pass,,inventory,1,inventory missiononly,1,1,1,,
inv_sealed_vacuum_tubes,Sealed Vacuum Tube,,inventory,1,inventory missiononly,1,1,1,,
inv_securecontainer,Secure Container,generalitem,inventory,1,crafting inventory,3877,4561,5246,,
inv_securitybypasssystem,Security Bypass System,contraband,inventory,1,crafting inventory,141704,155605,169507,,
inv_securitydecryptionsystem,Security Decryption System,contraband,inventory,1,crafting inventory,151704,165606,179507,,
inv_securityslicer,Security Slicer,contraband,inventory,1,crafting inventory,146704,159605,185507,,
inv_sedative,Sedative,generalitem,inventory,1,crafting inventory,223,262,302,,
inv_segarian_research,Qualitative Research on Segarian Terraforming,,inventory,1,inventory missiononly,1,1,1,,
inv_seminar_management_0,Basic Seminar (Management),,inventory,1,gift inventory level0 management seminar,3925,4620,5315,,
inv_seminar_management_1,Seminar for 1-Star Crew (Management),,inventory,1,gift inventory level1 management seminar,8415,9900,11385,,
inv_seminar_management_2,Seminar for 2-Star Crew (Management),,inventory,1,gift inventory level2 management seminar,1675,19680,22635,,
inv_seminar_management_3,Seminar for 3-Star Crew (Management),,inventory,1,gift inventory level3 management seminar,55590,65400,75210,,
inv_seminar_management_4,Advanced Seminar for 4-Star Crew (Management),,inventory,1,gift inventory level4 management seminar,86700,102000,117300,,
inv_seminar_piloting_0,Basic Seminar (Piloting),,inventory,1,gift inventory level0 piloting seminar,3645,4290,4934,,
inv_seminar_piloting_1,Seminar for 1-Star Crew (Piloting),,inventory,1,gift inventory level1 piloting seminar,7650,9000,10350,,
inv_seminar_piloting_2,Seminar for 2-Star Crew (Piloting),,inventory,1,gift inventory level2 piloting seminar,15095,17760,20425,,
inv_seminar_piloting_3,Seminar for 3-Star Crew (Piloting),,inventory,1,gift inventory level3 piloting seminar,49980,58800,67620,,
inv_seminar_piloting_4,Advanced Seminar for 4-Star Crew (Piloting),,inventory,1,gift inventory level4 piloting seminar,77775,91500,105225,,
inv_sensitivedatapacket,Sensitive Data Packet,,inventory,1,inventory missiononly tradeonly,1,1,1,,
inv_ship_in_a_bottle,Ship in a Bottle,,inventory,1,inventory missiononly,1,1,1,,
inv_snailshells,Snail Shells,luxuryitem,inventory,1,crafting inventory,89,105,121,,
inv_spacedyepizza,Space-Dye Pizza,luxuryitem,inventory,1,bribe crafting inventory,9241,10871,12502,,
inv_spaceflycaviar,Spacefly Caviar,luxuryitem,inventory,1,crafting gift inventory,898450,1057000,1215550,,
inv_spaceflyeggs,Spacefly Eggs,luxuryitem,inventory,1,crafting inventory,8995,10570,12156,,
inv_spacefly_larvae,Spacefly Larvae,,inventory,1,inventory missiononly,1,1,1,,
inv_speech_manuscript,Speech Manuscript,,inventory,1,inventory missiononly,1,1,1,,
inv_speech_pattern_analyzer,Speech Pattern Analyser,,inventory,1,inventory missiononly,1,1,1,,
inv_spherical_artifact,Spherical Artefact,,inventory,1,inventory missiononly,1,1,1,,
inv_split_ceremonial_dagger,Split Ceremonial Dagger,,inventory,1,inventory missiononly,12750000,15000000,17250000,,
inv_split_hunting_trophy,Split Hunting Trophy,,inventory,1,inventory missiononly,1,1,1,,
inv_tacky_knickknack,Tacky Knick-knack,,inventory,1,inventory missiononly,1,1,1,,
inv_taxreturn_warrant,Tax Return Warrant,,inventory,1,inventory missiononly,1,1,1,,
inv_terracotta_teladi_egg,Terracotta Teladi Egg,,inventory,1,inventory missiononly,1,1,1,,
inv_timewarp,SETA,,inventory,1,disallowdrop inventory nocustomgamestart,1947545,1947545,1947545,,
inv_towel,Towel,,inventory,1,inventory missiononly,1,1,1,,
inv_travel_drive_coupling,Travel Drive Coupling,,inventory,1,inventory missiononly nocustomgamestart,1,1,1,,
inv_tube_grease,Tube of Grease,,inventory,1,inventory missiononly,1,1,1,,
inv_unmarked_black_box,Unmarked Black Box,,inventory,1,inventory missiononly,1,1,1,,
inv_unrefined_ore_sample,Unrefined Ore Sample,,inventory,1,inventory missiononly,1,1,1,,
inv_unstablecrystal,Unstable Crystal,curiosity,inventory,1,crafting inventory,4080,5440,6800,,
inv_vial_green_liquid,Vial of Green Liquid,,inventory,1,inventory missiononly,1,1,1,,
inv_virtual_pet,Virtual Pet,,inventory,1,inventory missiononly,1,1,1,,
inv_wenendra_score,Wenendra Score,,inventory,1,inventory missiononly,1,1,1,,
inv_xenoinscriptions,Xeno-Inscription,curiosity,inventory,1,crafting inventory,3558,4186,4814,,
inv_xenoterran_implant,Xenoterran Implant,,inventory,1,inventory missiononly,1,1,1,,
inv_xenotext,Xenotexts,curiosity,inventory,1,bribe crafting inventory,13938,16398,18858,,
khaakalloy,Allographyne,hightech,container,20,container economy transmutable,1260,1400,1540,,
khaakscrapmetal,Allographyne Fragments,refined,solid,10,economy recycling solid,187,220,253,,
majadust,Maja Dust,pharmaceutical,container,6,container economy,94,208,323,,
majasnails,Maja Snails,agricultural,container,6,container economy,35,58,81,,
meat,Meat,agricultural,container,6,container economy,29,48,68,,
medicalsupplies,Medical Supplies,pharmaceutical,container,2,container economy,43,66,89,,
methane,Methane,gases,liquid,6,economy gas liquid minable,41,48,55,,
microchips,Microchips,hightech,container,22,container economy,805,948,1090,,
missilecomponents,Missile Components,shiptech,container,1,container economy,6,9,13,,
missile_cluster_heavy_mk1,Heavy Cluster Missile Mk1,missiles,equipment,1,deprecated,1530,1800,2070,missile_cluster_heavy_mk1_macro,
missile_cluster_light_mk1,Light Cluster Missile Mk1,missiles,equipment,1,deprecated,680,800,920,missile_cluster_light_mk1_macro,
missile_dumbfire_heavy_mk1,Heavy Dumbfire Missile Mk1,missiles,equipment,1,deprecated,451,530,610,missile_dumbfire_heavy_mk1_macro,
missile_dumbfire_heavy_mk2,Heavy Dumbfire Missile Mk2,missiles,equipment,1,deprecated,1539,1810,2082,missile_dumbfire_heavy_mk2_macro,
missile_dumbfire_light_mk1,Light Dumbfire Missile Mk1,missiles,equipment,1,deprecated,213,250,288,missile_dumbfire_light_mk1_macro,
missile_dumbfire_light_mk2,Light Dumbfire Missile Mk2,missiles,equipment,1,deprecated,553,650,748,missile_dumbfire_light_mk2_macro,
missile_emp_mk1,EMP Missile Mk1,missiles,equipment,1,deprecated,808,950,1093,missile_emp_mk1_macro,
missile_gen_l_dumbfire_01_mk1,Heavy Cluster Rocket,missiles,equipment,1,equipment missile,1936,2278,2620,missile_gen_l_dumbfire_01_mk1_macro,
missile_gen_l_guided_01_mk1,Heavy Guided Missile,missiles,equipment,1,equipment missile,2930,3447,3964,missile_gen_l_guided_01_mk1_macro,
missile_gen_m_dumbfire_01_mk1,Medium Dumbfire Rocket,missiles,equipment,1,equipment missile,881,1036,1191,missile_gen_m_dumbfire_01_mk1_macro,
missile_gen_m_dumbfire_01_mk2,Medium Breaching Rocket,missiles,equipment,1,equipment missile,1058,1245,1432,missile_gen_m_dumbfire_01_mk2_macro,
missile_gen_m_guided_01_mk1,Medium Guided Missile,missiles,equipment,1,equipment missile,1671,1966,2261,missile_gen_m_guided_01_mk1_macro,
missile_gen_m_smart_01_mk1,Medium Smart Missile,missiles,equipment,1,equipment missile,2105,2477,2849,missile_gen_m_smart_01_mk1_macro,
missile_gen_s_dumbfire_01_mk1,Light Dumbfire Rocket,missiles,equipment,1,equipment missile,493,580,667,missile_gen_s_dumbfire_01_mk1_macro,
missile_gen_s_dumbfire_01_mk2,Light Breaching Rocket,missiles,equipment,1,equipment missile,597,702,807,missile_gen_s_dumbfire_01_mk2_macro,
missile_gen_s_emp_01_mk1,Light Guided EMP Missile,missiles,equipment,1,equipment missile,1016,1196,1375,missile_gen_s_emp_01_mk1_macro,
missile_gen_s_guided_01_mk1,Light Guided Missile,missiles,equipment,1,equipment missile,858,1009,1160,missile_gen_s_guided_01_mk1_macro,
missile_gen_s_heatseeker_01_mk1,Light Heatseeker Missile,missiles,equipment,1,equipment missile,729,857,986,missile_gen_s_heatseeker_01_mk1_macro,
missile_gen_s_smart_01_mk1,Light Smart Missile,missiles,equipment,1,equipment missile,965,1135,1305,missile_gen_s_smart_01_mk1_macro,
missile_gen_s_swarm_01_mk1,Light Swarm Missile,missiles,equipment,1,equipment missile,859,1010,1162,missile_gen_s_swarm_01_mk1_macro,
missile_gen_s_torpedo_01_mk1,Light Torpedo,missiles,equipment,1,equipment missile,1975,2324,2672,missile_gen_s_torpedo_01_mk1_macro,
missile_guided_heavy_mk1,Heavy Guided Missile Mk1,missiles,equipment,1,deprecated,1915,2253,2590,missile_guided_heavy_mk1_macro,
missile_guided_light_mk1,Light Guided Missile Mk1,missiles,equipment,1,deprecated,729,858,986,missile_guided_light_mk1_macro,
missile_heatseeker_heavy_mk1,Heavy Heatseeker Missile Mk1,missiles,equipment,1,deprecated,2178,2563,2947,missile_heatseeker_heavy_mk1_macro,
missile_heatseeker_light_mk1,Light Heatseeker Missile Mk1,missiles,equipment,1,deprecated,839,988,1136,missile_heatseeker_light_mk1_macro,
missile_smart_heavy_mk1,Heavy Smart Missile Mk1,missiles,equipment,1,deprecated,2465,2900,3335,missile_smart_heavy_mk1_macro,
missile_smart_light_mk1,Light Smart Missile Mk1,missiles,equipment,1,deprecated,1211,1425,1639,missile_smart_light_mk1_macro,
missile_swarm_heavy_mk1,Heavy Swarm Missile Mk1,missiles,equipment,1,deprecated,1934,2275,2616,missile_swarm_heavy_mk1_macro,
missile_swarm_light_mk1,Light Swarm Missile Mk1,missiles,equipment,1,deprecated,967,1138,1308,missile_swarm_light_mk1_macro,
missile_torpedo_heavy_mk1,Heavy Torpedo Missile Mk1,missiles,equipment,1,deprecated,17563,20663,23762,missile_torpedo_heavy_mk1_macro,
missile_torpedo_light_mk1,Light Torpedo Missile Mk1,missiles,equipment,1,deprecated,3921,4613,5304,missile_torpedo_light_mk1_macro,
modpart_enginefuelinjector_t1,Basic Engine Fuel Injector,,inventory,1,crafting equipmentmodpart inventory primarymodpart,1,1,1,,
modpart_enginefuelinjector_t2,Advanced Engine Fuel Injector,,inventory,1,crafting equipmentmodpart inventory primarymodpart,1,1,1,,
modpart_enginefuelinjector_t3,Exceptional Engine Fuel Injector,,inventory,1,crafting equipmentmodpart inventory primarymodpart,1,1,1,,
modpart_extendedfuelcontainer,Extended Fuel Container,,inventory,1,crafting equipmentmodpart inventory,1,1,1,,
modpart_highenergycatalyst,High Energy Catalyst,,inventory,1,crafting equipmentmodpart inventory,1,1,1,,
modpart_nividiumcrystallite,Nividium Crystallite,,inventory,1,crafting equipmentmodpart inventory,1,1,1,,
modpart_nividiumoxide,Nividium Oxide,,inventory,1,crafting equipmentmodpart inventory,1,1,1,,
modpart_shieldgeneratorcoil_t1,Basic Shield Generator Coil,,inventory,1,crafting equipmentmodpart inventory primarymodpart,1,1,1,,
modpart_shieldgeneratorcoil_t2,Advanced Shield Generator Coil,,inventory,1,crafting equipmentmodpart inventory primarymodpart,1,1,1,,
modpart_shieldgeneratorcoil_t3,Exceptional Shield Generator Coil,,inventory,1,crafting equipmentmodpart inventory primarymodpart,1,1,1,,
modpart_shipnanoweave_t1,Basic Ship Nanoweave,,inventory,1,crafting equipmentmodpart inventory primarymodpart,1,1,1,,
modpart_shipnanoweave_t2,Advanced Ship Nanoweave,,inventory,1,crafting equipmentmodpart inventory primarymodpart,1,1,1,,
modpart_shipnanoweave_t3,Exceptional Ship Nanoweave,,inventory,1,crafting equipmentmodpart inventory primarymodpart,1,1,1,,
modpart_tuningsoftware,Tuning Software,,inventory,1,crafting equipmentmodpart inventory,1,1,1,,
modpart_weaponchamber_t1,Basic Weapon Chamber,,inventory,1,crafting equipmentmodpart inventory primarymodpart,1,1,1,,
modpart_weaponchamber_t2,Advanced Weapon Chamber,,inventory,1,crafting equipmentmodpart inventory primarymodpart,1,1,1,,
modpart_weaponchamber_t3,Exceptional Weapon Chamber,,inventory,1,crafting equipmentmodpart inventory primarymodpart,1,1,1,,
module_arg_conn_arc_01,Argon Arc Connection Structure 01,,container,1,module,101601,119531,137461,struct_arg_arc_01_macro,
module_arg_conn_base_01,Argon Base Connection Structure 01,,container,1,module,92363,108662,124961,struct_arg_base_01_macro,
module_arg_conn_base_02,Argon Base Connection Structure 02,,container,1,module,75585,88924,102263,struct_arg_base_02_macro,
module_arg_conn_base_03,Argon Base Connection Structure 03,,container,1,module,98841,116284,133727,struct_arg_base_03_macro,
module_arg_conn_cross_01,Argon Cross Connection Structure 01,,container,1,module,65300,76824,88348,struct_arg_cross_01_macro,
module_arg_conn_cross_02,Argon Cross Connection Structure 02,,container,1,module,63911,75189,86467,struct_arg_cross_02_macro,
module_arg_conn_cross_03,Argon Cross Connection Structure 03,,container,1,module,59572,70084,80597,struct_arg_cross_03_macro,
module_arg_conn_cross_04,Argon T Connection Structure 01,,container,1,module,55263,65016,74768,struct_arg_cross_04_macro,
module_arg_conn_cross_05,Argon L Connection Structure 01,,container,1,module,50924,59911,68898,struct_arg_cross_05_macro,
module_arg_conn_vertical_01,Argon Vertical Connection Structure 01,,container,1,module,54125,63676,73227,struct_arg_vertical_01_macro,
module_arg_conn_vertical_02,Argon Vertical Connection Structure 02,,container,1,module,70888,83398,95908,struct_arg_vertical_02_macro,
module_arg_def_claim_01,Argon Administrative Centre,,container,1,module,744928,876386,1007844,defence_arg_claim_01_macro,
module_arg_def_disc_01,Argon Disc Defence Platform,,container,1,module,533140,627224,721308,defence_arg_disc_01_macro,
module_arg_def_tube_01,Argon Bridge Defence Platform,,container,1,module,462691,544342,625993,defence_arg_tube_01_macro,
module_arg_dock_m_01,1M6S Standard Dock Area,,container,1,module,293852,345708,397564,dockarea_arg_m_station_01_macro,
module_arg_dock_m_01_hightech,1M6S Luxury Dock Area,,container,1,module,315326,370972,426618,dockarea_arg_m_station_01_hightech_macro,
module_arg_dock_m_01_lowtech,1M6S Basic Dock Area,,container,1,module,276636,325454,374272,dockarea_arg_m_station_01_lowtech_macro,
module_arg_dock_m_02,3M6S Standard Dock Area,,container,1,module,423562,498308,573054,dockarea_arg_m_station_02_macro,
module_arg_dock_m_02_hightech,3M6S Luxury Dock Area,,container,1,module,435642,512520,589398,dockarea_arg_m_station_02_hightech_macro,
module_arg_dock_m_02_lowtech,3M6S Basic Dock Area,,container,1,module,407689,479634,551579,dockarea_arg_m_station_02_lowtech_macro,
module_arg_dock_tradestation_02,8M Luxury Dock Area,,container,1,module,630652,741944,853236,dockarea_arg_m_02_tradestation_01_macro,
module_arg_hab_l_01,Argon L Habitat,,container,1,module,16627714,19562016,22496318,hab_arg_l_01_macro,
module_arg_hab_m_01,Argon M Habitat,,container,1,module,11754290,13828576,15902862,hab_arg_m_01_macro,
module_arg_hab_s_01,Argon S Habitat,,container,1,module,8172621,9614848,11057075,hab_arg_s_01_macro,
module_arg_pier_l_01,Argon 3-Dock T Pier,,container,1,module,2946171,3466084,3985997,pier_arg_harbor_01_macro,
module_arg_pier_l_02,Argon 1-Dock Pier,,container,1,module,1701192,2001402,2301612,pier_arg_harbor_02_macro,
module_arg_pier_l_03,Argon 3-Dock E Pier,,container,1,module,3399016,3998842,4598668,pier_arg_harbor_03_macro,
module_arg_pier_l_04,Argon 1-Dock Short Pier,,container,1,module,1224857,1441009,1657160,pier_arg_harbor_04_macro,
module_arg_pier_tradestation_01,Argon Trading Station 1-Dock Pier,,container,1,module noblueprint,1076127,1266032,1455937,pier_arg_single_01_tradestation_01_macro,
module_arg_prod_foodrations_01,Food Ration Production,,container,1,module,1425885,1677512,1929139,prod_arg_foodrations_macro,
module_arg_prod_meat_01,Meat Production,,container,1,module,1349848,1588056,1826264,prod_arg_meat_macro,
module_arg_prod_medicalsupplies_01,Argon Medical Supply Production,,container,1,module,1223505,1439418,1655331,prod_arg_medicalsupplies_macro,
module_arg_prod_spacefuel_01,Spacefuel Production,,container,1,module,1735171,2041378,2347585,prod_arg_spacefuel_macro,
module_arg_prod_wheat_01,Wheat Production,,container,1,module,1610158,1894304,2178450,prod_arg_wheat_macro,
module_arg_radar_dish_01,Wide Area Sensor Array,,container,1,module,897249,1055588,1213926,radar_arg_dish_01_macro,
module_arg_stor_container_l_01,Argon L Container Storage,,container,1,module,625503,735886,846269,storage_arg_l_container_01_macro,
module_arg_stor_container_m_01,Argon M Container Storage,,container,1,module,445475,524088,602701,storage_arg_m_container_01_macro,
module_arg_stor_container_s_01,Argon S Container Storage,,container,1,module,282224,332028,381832,storage_arg_s_container_01_macro,
module_arg_stor_liquid_l_01,Argon L Liquid Storage,,container,1,module,625503,735886,846269,storage_arg_l_liquid_01_macro,
module_arg_stor_liquid_m_01,Argon M Liquid Storage,,container,1,module,445475,524088,602701,storage_arg_m_liquid_01_macro,
module_arg_stor_liquid_s_01,Argon S Liquid Storage,,container,1,module,282224,332028,381832,storage_arg_s_liquid_01_macro,
module_arg_stor_solid_l_01,Argon L Solid Storage,,container,1,module,625503,735886,846269,storage_arg_l_solid_01_macro,
module_arg_stor_solid_m_01,Argon M Solid Storage,,container,1,module,445475,524088,602701,storage_arg_m_solid_01_macro,
module_arg_stor_solid_s_01,Argon S Solid Storage,,container,1,module,282224,332028,381832,storage_arg_s_solid_01_macro,
module_arg_stor_tradestation_l_01,Argon L Universal Storage,,container,1,module noblueprint,668452,786414,904376,storage_arg_l_tradestation_01_macro,
module_gen_build_dockarea_m_01,S/M Ship Fabrication Bay,,container,1,module,86008820,101186848,116364875,buildmodule_gen_ships_m_dockarea_01_macro,
module_gen_build_l_01,L Ship Fabrication Bay,,container,1,module,180147181,211937860,243728539,buildmodule_gen_ships_l_macro,
module_gen_build_m_01,M Ship Fabrication Bay,,container,1,module noplayerblueprint,7481465,8801724,10121983,buildmodule_gen_ships_m_macro,
module_gen_build_s_01,S Ship Fabrication Bay,,container,1,module noplayerblueprint,7481465,8801724,10121983,buildmodule_gen_ships_s_macro,
module_gen_build_xl_01,XL Ship Fabrication Bay,,container,1,module,183235129,215570740,247906351,buildmodule_gen_ships_xl_macro,
module_gen_conn_observationdeck_01,Conservatory Observation Deck,,container,1,module,190696,224348,258000,struct_gen_observationdeck_01_macro,
module_gen_conn_observationdeck_02,Pavilion Observation Deck,,container,1,module,200150,235471,270792,struct_gen_observationdeck_02_macro,
module_gen_conn_observationdeck_03,Penthouse Observation Deck,,container,1,module,216484,254687,292890,struct_gen_observationdeck_03_macro,
module_gen_conn_venturerbase_01,Venture Base Connection Structure 01,,container,1,module,92363,108662,124961,struct_gen_venturerbase_01_macro,
module_gen_conn_venturerbase_02,Venture Base Connection Structure 02,,container,1,module,75585,88924,102263,struct_gen_venturerbase_02_macro,
module_gen_conn_venturerbase_03,Venture Base Connection Structure 03,,container,1,module,98841,116284,133727,struct_gen_venturerbase_03_macro,
module_gen_conn_venturercross_01,Venture Cross Connection Structure 01,,container,1,module,65300,76824,88348,struct_gen_venturercross_01_macro,
module_gen_conn_venturervertical_01,Venture Vertical Connection Structure 01,,container,1,module,54125,63676,73227,struct_gen_venturervertical_01_macro,
module_gen_conn_venturervertical_02,Venture Vertical Connection Structure 02,,container,1,module,70888,83398,95908,struct_gen_venturervertical_02_macro,
module_gen_dock_m_showroom_01,Small & Medium Ship Showroom,,container,1,module,394158,463715,533272,dockarea_gen_m_showroom_01_macro,
module_gen_dock_m_venturer_01,S/M Venture Sendoff Dock,,container,1,module,262395,308700,355005,dockarea_gen_m_venturer_01_macro,
module_gen_dock_s_showroom_01,Small Ship Showroom 01,,container,1,module,346859,408069,469280,dockarea_gen_s_showroom_01_macro,
module_gen_dock_s_showroom_02,Small Ship Showroom 02,,container,1,module,362625,426618,490610,dockarea_gen_s_showroom_02_macro,
module_gen_dock_xl_venturer_01,L/XL Venture Sendoff Dock,,container,1,module noplayerblueprint,761692,896108,1030524,dockarea_gen_xl_venturer_01_macro,
module_gen_equip_dockarea_m_01,S/M Ship Maintenance Bay,,container,1,module,26053880,30651624,35249367,buildmodule_gen_equip_m_dockarea_01_macro,
module_gen_equip_l_01,L Ship Maintenance Bay,,container,1,module,47705459,56124070,64542680,buildmodule_gen_equip_l_macro,
module_gen_equip_xl_01,XL Ship Maintenance Bay,,container,1,module,49280566,57977136,66673706,buildmodule_gen_equip_xl_macro,
module_gen_proc_scrapworks,Scrap Processor,,container,1,module,992413,1167545,1342677,proc_gen_scrapworks_macro,
module_gen_proc_scrapworkskhaak_01,Allographyne Scrap Processor,,container,1,module,1190896,1401054,1611212,proc_gen_scrapworkskhaak_macro,
module_gen_prod_advancedcomposites_01,Advanced Composite Production,,container,1,module,3524906,4146948,4768990,prod_gen_advancedcomposites_macro,
module_gen_prod_advancedelectronics_01,Advanced Electronics Production,,container,1,module,2622767,3085608,3548449,prod_gen_advancedelectronics_macro,
module_gen_prod_antimattercells_01,Antimatter Cell Production,,container,1,module,375477,441738,507999,prod_gen_antimattercells_macro,
module_gen_prod_antimatterconverters_01,Antimatter Converter Production,,container,1,module,9681548,11390056,13098564,prod_gen_antimatterconverters_macro,
module_gen_prod_claytronics_01,Claytronics Production,,container,1,module,15347532,18055920,20764308,prod_gen_claytronics_macro,
module_gen_prod_dronecomponents_01,Drone Component Production,,container,1,module,6662268,7837962,9013656,prod_gen_dronecomponents_macro,
module_gen_prod_energycells_01,Energy Cell Production,,container,1,module,1413819,1663316,1912813,prod_gen_energycells_macro,
module_gen_prod_engineparts_01,Engine Part Production,,container,1,module,2116689,2490222,2863755,prod_gen_engineparts_macro,
module_gen_prod_fieldcoils_01,Field Coil Production,,container,1,module,9436671,11101966,12767261,prod_gen_fieldcoils_macro,
module_gen_prod_graphene_01,Graphene Production,,container,1,module,152966,179960,206954,prod_gen_graphene_macro,
module_gen_prod_hullparts_01,Hull Part Production,,container,1,module,3340194,3929640,4519086,prod_gen_hullparts_macro,
module_gen_prod_microchips_01,Microchip Production,,container,1,module,4122469,4849964,5577459,prod_gen_microchips_macro,
module_gen_prod_missilecomponents_01,Missile Component Production,,container,1,module,191643,225462,259281,prod_gen_missilecomponents_macro,
module_gen_prod_plasmaconductors_01,Plasma Conductor Production,,container,1,module,2572901,3026942,3480983,prod_gen_plasmaconductors_macro,
module_gen_prod_quantumtubes_01,Quantum Tube Production,,container,1,module,2068152,2433120,2798088,prod_gen_quantumtubes_macro,
module_gen_prod_refinedmetals_01,Refined Metal Production,,container,1,module,197231,232036,266841,prod_gen_refinedmetals_macro,
module_gen_prod_scanningarrays_01,Scanning Array Production,,container,1,module,3422258,4026186,4630114,prod_gen_scanningarrays_macro,
module_gen_prod_scrap_recycler,Scrap Recycler,,container,1,module,1628494,1915875,2203256,prod_gen_scrap_recycler_macro,
module_gen_prod_scrap_recyclerkhaak,Allographyne Scrap Recycler,,container,1,module,1954193,2299050,2643908,prod_gen_scrap_recyclerkhaak_macro,
module_gen_prod_shieldcomponents_01,Shield Component Production,,container,1,module,2350389,2765164,3179939,prod_gen_shieldcomponents_macro,
module_gen_prod_siliconwafers_01,Silicon Wafer Production,,container,1,module,403430,474624,545818,prod_gen_siliconwafers_macro,
module_gen_prod_smartchips_01,Smart Chip Production,,container,1,module,686545,807700,928855,prod_gen_smartchips_macro,
module_gen_prod_spices_01,Spice Production,,container,1,module,756543,890050,1023558,prod_gen_spices_macro,
module_gen_prod_superfluidcoolant_01,Superfluid Coolant Production,,container,1,module,137080,161270,185461,prod_gen_superfluidcoolant_macro,
module_gen_prod_turretcomponents_01,Turret Component Production,,container,1,module,2584529,3040622,3496715,prod_gen_turretcomponents_macro,
module_gen_prod_water_01,Water Production,,container,1,module,195901,230472,265043,prod_gen_water_macro,
module_gen_prod_weaponcomponents_01,Weapon Component Production,,container,1,module,2154927,2535208,2915489,prod_gen_weaponcomponents_macro,
module_gen_ventureplatform_cross_01,Venture Platform,,container,1,module,257465,302900,348335,ventureplatform_gen_cross_01_macro,
module_gen_welfare_gamblinghall_01,Gambling Den,,container,1,missiononly module,2095385,2465159,2834932,welfare_gen_gamblinghall_01_macro,
module_par_conn_base_01,Paranid Base Connection Structure 01,,container,1,module,64410,75776,87142,struct_par_base_01_macro,
module_par_conn_base_02,Paranid Base Connection Structure 02,,container,1,module,91924,108146,124368,struct_par_base_02_macro,
module_par_conn_base_03,Paranid Base Connection Structure 03,,container,1,module,114728,134974,155220,struct_par_base_03_macro,
module_par_conn_cross_01,Paranid Cross Connection Structure 01,,container,1,module,55015,64724,74433,struct_par_cross_01_macro,
module_par_conn_cross_02,Paranid Cross Connection Structure 02,,container,1,module,114728,134974,155220,struct_par_cross_02_macro,
module_par_conn_cross_03,Paranid Y Connection Structure 01,,container,1,module,91924,108146,124368,struct_par_cross_03_macro,
module_par_conn_vertical_01,Paranid Vertical Connection Structure 01,,container,1,module,54125,63676,73227,struct_par_vertical_01_macro,
module_par_conn_vertical_02,Paranid Vertical Connection Structure 02,,container,1,module,70888,83398,95908,struct_par_vertical_02_macro,
module_par_def_claim_01,Paranid Administrative Centre,,container,1,module,760801,895060,1029319,defence_par_claim_01_macro,
module_par_def_claim_story_01,Paranid Faction Capital,,container,1,hiddenwithoutlicence module nocustomgamestart nodiplomacyblueprint,400000000,450000000,500000000,defence_par_claim_story_01_macro,
module_par_def_disc_01,Paranid Disc Defence Platform,,container,1,module,533140,627224,721308,defence_par_disc_01_macro,
module_par_def_tube_01,Paranid Bridge Defence Platform,,container,1,module,462691,544342,625993,defence_par_tube_01_macro,
module_par_hab_l_01,Paranid L Dome,,container,1,module,18262842,21485696,24708550,hab_par_l_01_macro,
module_par_hab_m_01,Paranid M Dome,,container,1,module,11754290,13828576,15902862,hab_par_m_01_macro,
module_par_hab_s_01,Paranid S Dome,,container,1,module,8172621,9614848,11057075,hab_par_s_01_macro,
module_par_pier_l_01,Paranid 3-Dock T Pier,,container,1,module,3060886,3601042,4141198,pier_par_harbor_01_macro,
module_par_pier_l_02,Paranid 1-Dock Pier,,container,1,module,1766944,2078758,2390572,pier_par_harbor_02_macro,
module_par_pier_l_03,Paranid 3-Dock E Pier,,container,1,module,3534314,4158016,4781718,pier_par_harbor_03_macro,
module_par_prod_majadust_01,Maja Dust Production,,container,1,module,2029023,2387086,2745149,prod_par_majadust_macro,
module_par_prod_majasnails_01,Maja Snail Production,,container,1,module,1349848,1588056,1826264,prod_par_majasnails_macro,
module_par_prod_medicalsupplies_01,Paranid Medical Supply Production,,container,1,module,1229080,1445976,1662872,prod_par_medicalsupplies_macro,
module_par_prod_sojabeans_01,Soja Bean Production,,container,1,module,1610158,1894304,2178450,prod_par_sojabeans_macro,
module_par_prod_sojahusk_01,Soja Husk Production,,container,1,module,1719737,2023220,2326703,prod_par_sojahusk_macro,
module_par_stor_container_l_01,Paranid L Container Storage,,container,1,module,674026,792972,911918,storage_par_l_container_01_macro,
module_par_stor_container_m_01,Paranid M Container Storage,,container,1,module,457555,538300,619045,storage_par_m_container_01_macro,
module_par_stor_container_s_01,Paranid S Container Storage,,container,1,module,304150,357824,411498,storage_par_s_container_01_macro,
module_par_stor_landmark_l_01,Argon L Container Storage,,container,1,module noblueprint,717414,844016,970618,landmarks_par_storage_01_macro,
module_par_stor_liquid_l_01,Paranid L Liquid Storage,,container,1,module,674026,792972,911918,storage_par_l_liquid_01_macro,
module_par_stor_liquid_m_01,Paranid M Liquid Storage,,container,1,module,457555,538300,619045,storage_par_m_liquid_01_macro,
module_par_stor_liquid_s_01,Paranid S Liquid Storage,,container,1,module,304150,357824,411498,storage_par_s_liquid_01_macro,
module_par_stor_solid_l_01,Paranid L Solid Storage,,container,1,module,674026,792972,911918,storage_par_l_solid_01_macro,
module_par_stor_solid_m_01,Paranid M Solid Storage,,container,1,module,457555,538300,619045,storage_par_m_solid_01_macro,
module_par_stor_solid_s_01,Paranid S Solid Storage,,container,1,module,304150,357824,411498,storage_par_s_solid_01_macro,
module_player_prod_hq_01_macro,Unknown Module,,container,1,module noblueprint,0,0,0,landmarks_player_hq_01_research_macro,
module_tel_conn_base_01,Teladi Base Connection Structure 01,,container,1,module,92363,108662,124961,struct_tel_base_01_macro,
module_tel_conn_base_02,Teladi Base Connection Structure 02,,container,1,module,75585,88924,102263,struct_tel_base_02_macro,
module_tel_conn_base_03,Teladi Base Connection Structure 03,,container,1,module,98841,116284,133727,struct_tel_base_03_macro,
module_tel_conn_cross_01,Teladi Cross Connection Structure 01,,container,1,module,65300,76824,88348,struct_tel_cross_01_macro,
module_tel_conn_vertical_01,Teladi Vertical Connection Structure 01,,container,1,module,54125,63676,73227,struct_tel_vertical_01_macro,
module_tel_conn_vertical_02,Teladi Vertical Connection Structure 02,,container,1,module,70888,83398,95908,struct_tel_vertical_02_macro,
module_tel_def_claim_01,Teladi Administrative Centre,,container,1,module,749625,881912,1014199,defence_tel_claim_01_macro,
module_tel_def_disc_01,Teladi Disc Defence Platform,,container,1,module,533140,627224,721308,defence_tel_disc_01_macro,
module_tel_def_tube_01,Teladi Bridge Defence Platform,,container,1,module,462691,544342,625993,defence_tel_tube_01_macro,
module_tel_hab_l_01,Teladi L Biome,,container,1,module,15822621,18614848,21407075,hab_tel_l_01_macro,
module_tel_hab_m_01,Teladi M Biome,,container,1,module,10530453,12388768,14247083,hab_tel_m_01_macro,
module_tel_hab_s_01,Teladi S Biome,,container,1,module,7471187,8789632,10108077,hab_tel_s_01_macro,
module_tel_pier_l_01,Teladi 3-Dock T Pier,,container,1,module,2946171,3466084,3985997,pier_tel_harbor_01_macro,
module_tel_pier_l_02,Teladi 1-Dock Pier,,container,1,module,1701192,2001402,2301612,pier_tel_harbor_02_macro,
module_tel_pier_l_03,Teladi 3-Dock E Pier,,container,1,module,3399016,3998842,4598668,pier_tel_harbor_03_macro,
module_tel_prod_advancedcomposites_01,Teladi Advanced Composite Production,,container,1,module,3416014,4018840,4621666,prod_tel_advancedcomposites_macro,
module_tel_prod_engineparts_01,Teladi Engine Part Production,,container,1,module,2143163,2521368,2899573,prod_tel_engineparts_macro,
module_tel_prod_hullparts_01,Teladi Hull Part Production,,container,1,module,3339976,3929384,4518792,prod_tel_hullparts_macro,
module_tel_prod_medicalsupplies_01,Teladi Medical Supply Production,,container,1,module,1219233,1434392,1649551,prod_tel_medicalsupplies_macro,
module_tel_prod_nostropoil_01,Nostrop Oil Production,,container,1,module,1574127,1851914,2129701,prod_tel_nostropoil_macro,
module_tel_prod_scanningarrays_01,Teladi Scanning Array Production,,container,1,module,3464989,4076458,4687927,prod_tel_scanningarrays_macro,
module_tel_prod_spaceweed_01,Spaceweed Production,,container,1,module,3475040,4088282,4701524,prod_tel_spaceweed_macro,
module_tel_prod_sunriseflowers_01,Sunrise Flower Production,,container,1,module,1611474,1895852,2180230,prod_tel_sunriseflowers_macro,
module_tel_prod_swampplant_01,Swamp Plant Production,,container,1,module,3475040,4088282,4701524,prod_tel_swampplant_macro,
module_tel_prod_teladianium_01,Teladianium Production,,container,1,module,272830,320976,369122,prod_tel_teladianium_macro,
module_tel_stor_container_l_01,Teladi L Container Storage,,container,1,module,608287,715632,822977,storage_tel_l_container_01_macro,
module_tel_stor_container_m_01,Teladi M Container Storage,,container,1,module,424014,498840,573666,storage_tel_m_container_01_macro,
module_tel_stor_container_s_01,Teladi S Container Storage,,container,1,module,277527,326502,375477,storage_tel_s_container_01_macro,
module_tel_stor_liquid_l_01,Teladi L Liquid Storage,,container,1,module,608287,715632,822977,storage_tel_l_liquid_01_macro,
module_tel_stor_liquid_m_01,Teladi M Liquid Storage,,container,1,module,424014,498840,573666,storage_tel_m_liquid_01_macro,
module_tel_stor_liquid_s_01,Teladi S Liquid Storage,,container,1,module,277527,326502,375477,storage_tel_s_liquid_01_macro,
module_tel_stor_solid_l_01,Teladi L Solid Storage,,container,1,module,608287,715632,822977,storage_tel_l_solid_01_macro,
module_tel_stor_solid_m_01,Teladi M Solid Storage,,container,1,module,424014,498840,573666,storage_tel_m_solid_01_macro,
module_tel_stor_solid_s_01,Teladi S Solid Storage,,container,1,module,277527,326502,375477,storage_tel_s_solid_01_macro,
module_tel_tradestation_conn_bridge_01,Habitat Bridge,,container,1,module noplayerblueprint,241444,284052,326660,landmarks_tel_tradestation_01_bridge_01_macro,
module_tel_tradestation_conn_centercylinder_01,Sensor Array,,container,1,module noplayerblueprint,152205,179065,205925,landmarks_tel_tradestation_01_centercylinder_01_macro,
module_tel_tradestation_conn_centerfill_01,Ventilation,,container,1,module noplayerblueprint,241444,284052,326660,landmarks_tel_tradestation_01_centerfill_01_macro,
module_tel_tradestation_conn_column_01,Habitat Ring Column,,container,1,module noplayerblueprint,241444,284052,326660,landmarks_tel_tradestation_01_column_01_macro,
module_tel_tradestation_conn_column_02,Support Structure,,container,1,module noplayerblueprint,241444,284052,326660,landmarks_tel_tradestation_01_column_02_macro,
module_tel_tradestation_conn_inside_ring_03,Habitat Service Section,,container,1,module noplayerblueprint,341851,402178,462505,landmarks_tel_tradestation_01_ring_inside_03_macro,
module_tel_tradestation_conn_radar_01,Command Relay,,container,1,module noplayerblueprint,241444,284052,326660,landmarks_tel_tradestation_01_radar_01_macro,
module_tel_tradestation_conn_ring_01,Habitat Ring,,container,1,module noplayerblueprint,1080088,1270691,1461295,landmarks_tel_tradestation_01_ring_01_macro,
module_tel_tradestation_def_centerend_01,Maintenance Area,,container,1,module noplayerblueprint,1762056,2073007,2383958,landmarks_tel_tradestation_01_centerend_01_macro,
module_tel_tradestation_def_center_01,Habitat Centre Complex,,container,1,module noplayerblueprint,1762056,2073007,2383958,landmarks_tel_tradestation_01_center_01_macro,
module_tel_tradestation_def_extension_01,Habitat Ring Extension,,container,1,module noplayerblueprint,2158441,2539342,2920244,landmarks_tel_tradestation_01_extension_01_macro,
module_tel_tradestation_def_ringcenter_01,Habitat Centre Ring,,container,1,module noplayerblueprint,881021,1036496,1191970,landmarks_tel_tradestation_01_ringcenter_01_macro,
module_tel_tradestation_def_ringclamp_01,Habitat Ring Clamp,,container,1,module noplayerblueprint,1246424,1466381,1686338,landmarks_tel_tradestation_01_ringclamp_01_macro,
module_tel_tradestation_def_ringclamp_02,Habitat Ring Clamp,,container,1,module noplayerblueprint,1246424,1466381,1686338,landmarks_tel_tradestation_01_ringclamp_02_macro,
module_tel_tradestation_dock_m_dockarea_01,Habitat Dock Area,,container,1,module noplayerblueprint,1526309,1795658,2065007,landmarks_tel_tradestation_01_dockarea_m_01_macro,
module_tel_tradestation_hab_inside_ring_01,Habitat City,,container,1,module noplayerblueprint,42305039,49770634,57236229,landmarks_tel_tradestation_01_ring_inside_01_macro,
module_tel_tradestation_hab_inside_ring_02,Habitat City,,container,1,module noplayerblueprint,42305039,49770634,57236229,landmarks_tel_tradestation_01_ring_inside_02_macro,
module_tel_tradestation_pier_tradelocation_01,Habitat Trade Centre,,container,1,module noplayerblueprint,2732316,3214490,3696663,landmarks_tel_tradestation_01_tradelocation_01_macro,
module_tel_tradestation_stor_storage_01,Habitat Storage B,,container,1,module noplayerblueprint,1496301,1760354,2024407,landmarks_tel_tradestation_01_storage_01_macro,
module_tel_tradestation_stor_storage_ring_01,Habitat Storage A,,container,1,module noplayerblueprint,2991614,3519546,4047478,landmarks_tel_tradestation_01_ring_storage_01_macro,
module_xen_build_m_01,M Ship Assembly Matrix,,container,1,module noplayerblueprint,781711,919660,1057609,buildmodule_xen_ships_m_macro,
module_xen_build_s_01,S Ship Assembly Matrix,,container,1,module noplayerblueprint,781711,919660,1057609,buildmodule_xen_ships_s_macro,
module_xen_build_xl_01,XL Ship Assembly Matrix,,container,1,module noplayerblueprint,1383023,1627086,1871149,buildmodule_xen_ships_xl_macro,
module_xen_def_base_01,Xenon Base Module,,container,1,module noplayerblueprint,395272,465026,534780,xenon_small_station_01_base_macro,
module_xen_dock_m_01,Xenon Dock,,container,1,module noplayerblueprint,103180,121388,139596,dockarea_xen_m_station_01_macro,
module_xen_prod_energycells_01,Matrix Solar Panel,,container,1,module noplayerblueprint,154982,182332,209682,xenon_small_station_01_solarpanel_01_macro,
module_xen_stor_01,Matrix Storage,,container,1,module noplayerblueprint,43501,51178,58855,xenon_small_station_01_storage_01_macro,
mod_engine_boostduration_01_mk1,Creatine (Boost Duration Mod - Basic Quality),,inventory,1,crafting equipmentmod,42500,50000,57500,,
mod_engine_boostthrust_01_mk1,Juno (Boost Thrust Mod - Basic Quality),,inventory,1,crafting equipmentmod,42500,50000,57500,,
mod_engine_boostthrust_01_mk2,Antares (Boost Thrust Mod - Enhanced Quality),,inventory,1,crafting equipmentmod,212500,250000,287500,,
mod_engine_boostthrust_01_mk3,Atlas (Boost Thrust Mod - Exceptional Quality),,inventory,1,crafting equipmentmod,1062500,1250000,1437500,,
mod_engine_boostthrust_02_mk1,Minuteman (Boost Thrust Mod - Basic Quality),,inventory,1,crafting equipmentmod,42500,50000,57500,,
mod_engine_boostthrust_02_mk2,Delta (Boost Thrust Mod - Enhanced Quality),,inventory,1,crafting equipmentmod,212500,250000,287500,,
mod_engine_forwardthrust_01_mk1,Pusher (Forward Thrust Mod - Basic Quality),,inventory,1,crafting equipmentmod,42500,50000,57500,,
mod_engine_forwardthrust_01_mk2,Propeller (Forward Thrust Mod - Enhanced Quality),,inventory,1,crafting equipmentmod,212500,250000,287500,,
mod_engine_forwardthrust_01_mk3,Slingshot (Forward Thrust Mod - Exceptional Quality),,inventory,1,crafting equipmentmod,1062500,1250000,1437500,,
mod_engine_forwardthrust_02_mk1,Nudger (Forward Thrust Mod - Basic Quality),,inventory,1,crafting equipmentmod,42500,50000,57500,,
mod_engine_forwardthrust_02_mk2,Impeller (Forward Thrust Mod - Enhanced Quality),,inventory,1,crafting equipmentmod,212500,250000,287500,,
mod_engine_rotationthrust_01_mk1,Spinner (Rotation Thrust Mod - Basic Quality),,inventory,1,crafting equipmentmod,42500,50000,57500,,
mod_engine_rotationthrust_01_mk3,Whirlygig (Rotation Thrust Mod - Exceptional Quality),,inventory,1,crafting equipmentmod,1062500,1250000,1437500,,
mod_engine_rotationthrust_02_mk1,Twister (Rotation Thrust Mod - Basic Quality),,inventory,1,crafting equipmentmod,42500,50000,57500,,
mod_engine_strafethrust_01_mk1,Crab (Strafe Thrust Mod - Basic Quality),,inventory,1,crafting equipmentmod,42500,50000,57500,,
mod_engine_strafethrust_02_mk1,Sidewinder (Strafe Thrust Mod - Basic Quality),,inventory,1,crafting equipmentmod,42500,50000,57500,,
mod_engine_travelattacktime_01_mk1,Spur (Travel Attack Time Mod - Basic Quality),,inventory,1,crafting equipmentmod,42500,50000,57500,,
mod_engine_travelchargetime_01_mk1,Overdrive (Travel Charge Time Mod - Basic Quality),,inventory,1,crafting equipmentmod,42500,50000,57500,,
mod_engine_travelreleasetime_01_mk1,Anchor (Travel Release Time Mod - Basic Quality),,inventory,1,crafting equipmentmod,42500,50000,57500,,
mod_engine_travelstartthrust_01_mk1,Afterburner (Travel Start Thrust Mod - Basic Quality),,inventory,1,crafting equipmentmod,42500,50000,57500,,
mod_engine_travelthrust_01_mk1,Aestus (Travel Thrust Mod - Basic Quality),,inventory,1,crafting equipmentmod,42500,50000,57500,,
mod_engine_travelthrust_01_mk2,Mira (Travel Thrust Mod - Enhanced Quality),,inventory,1,crafting equipmentmod,212500,250000,287500,,
mod_engine_travelthrust_01_mk3,Vikas (Travel Thrust Mod - Exceptional Quality),,inventory,1,crafting equipmentmod,1062500,1250000,1437500,,
mod_engine_travelthrust_02_mk1,Reaver (Travel Thrust Mod - Basic Quality),,inventory,1,crafting equipmentmod,42500,50000,57500,,
mod_engine_travelthrust_02_mk2,Vinci (Travel Thrust Mod - Enhanced Quality),,inventory,1,crafting equipmentmod,212500,250000,287500,,
mod_shield_capacity_01_mk1,Buckler (Capacity Mod - Basic Quality),,inventory,1,crafting equipmentmod,42500,50000,57500,,
mod_shield_capacity_01_mk2,Kite (Capacity Mod - Enhanced Quality),,inventory,1,crafting equipmentmod,212500,250000,287500,,
mod_shield_capacity_01_mk3,Pavise (Capacity Mod - Exceptional Quality),,inventory,1,crafting equipmentmod,1062500,1250000,1437500,,
mod_shield_capacity_02_mk3,Targe (Capacity Mod - Exceptional Quality),,inventory,1,crafting equipmentmod,1062500,1250000,1437500,,
mod_shield_rechargedelay_01_mk1,Medic (Recharge Delay Mod - Basic Quality),,inventory,1,crafting equipmentmod,42500,50000,57500,,
mod_shield_rechargerate_01_mk1,Bandage (Recharge Rate Mod - Basic Quality),,inventory,1,crafting equipmentmod,42500,50000,57500,,
mod_shield_rechargerate_01_mk2,Cast (Recharge Rate Mod - Enhanced Quality),,inventory,1,crafting equipmentmod,212500,250000,287500,,
mod_shield_rechargerate_01_mk3,Traction (Recharge Rate Mod - Exceptional Quality),,inventory,1,crafting equipmentmod,1062500,1250000,1437500,,
mod_ship_countermeasurecapacity_01_mk1,Barrage (Countermeasure Capacity Mod - Basic Quality),,inventory,1,crafting equipmentmod,42500,50000,57500,,
mod_ship_deployablecapacity_01_mk1,Rack (Deployable Capacity Mod - Basic Quality),,inventory,1,crafting equipmentmod,42500,50000,57500,,
mod_ship_drag_01_mk1,Polisher (Drag Mod - Basic Quality),,inventory,1,crafting equipmentmod,42500,50000,57500,,
mod_ship_drag_01_mk2,Lubricator (Drag Mod - Enhanced Quality),,inventory,1,crafting equipmentmod,212500,250000,287500,,
mod_ship_hidecargo_01,Mirage (Illegal Ware Concealment Mod - Exceptional Quality),,inventory,1,crafting equipmentmod,1062500,1250000,1437500,,
mod_ship_mass_01_mk1,Honeycomb (Mass Mod - Basic Quality),,inventory,1,crafting equipmentmod,42500,50000,57500,,
mod_ship_mass_01_mk2,Composite (Mass Mod - Enhanced Quality),,inventory,1,crafting equipmentmod,212500,250000,287500,,
mod_ship_mass_01_mk3,Nanotube (Mass Mod - Exceptional Quality),,inventory,1,crafting equipmentmod,1062500,1250000,1437500,,
mod_ship_maxhull_01_mk1,Buttress (Max Hull Mod - Basic Quality),,inventory,1,crafting equipmentmod,42500,50000,57500,,
mod_ship_missilecapacity_01_mk1,Bandolier (Missile Capacity Mod - Basic Quality),,inventory,1,crafting equipmentmod,42500,50000,57500,,
mod_ship_radarcloak_01_mk1,Cloak (Radar Visibility Mod - Basic Quality),,inventory,1,crafting equipmentmod,42500,50000,57500,,
mod_ship_radarcloak_01_mk2,Veil (Radar Visibility Mod - Enhanced Quality),,inventory,1,crafting equipmentmod,212500,250000,287500,,
mod_ship_radarcloak_01_mk3,Shroud (Radar Visibility Mod - Exceptional Quality),,inventory,1,crafting equipmentmod,1062500,1250000,1437500,,
mod_ship_radarrange_01_mk1,Scope (Radar Range Mod - Basic Quality),,inventory,1,crafting equipmentmod,42500,50000,57500,,
mod_ship_regiondamage_01_mk1,Grit (Hazardous Region Damage Reduction Mod - Basic Quality),,inventory,1,crafting equipmentmod,42500,50000,57500,,
mod_ship_regiondamage_01_mk2,Mettle (Hazardous Region Damage Reduction Mod - Enhanced Quality),,inventory,1,crafting equipmentmod,212500,250000,287500,,
mod_ship_regiondamage_01_mk3,Tenacity (Hazardous Region Damage Reduction Mod - Exceptional Quality),,inventory,1,crafting equipmentmod,1062500,1250000,1437500,,
mod_ship_unitcapacity_01_mk1,Garage (Unit Capacity Mod - Basic Quality),,inventory,1,crafting equipmentmod,42500,50000,57500,,
mod_weapon_beamlength_01_mk1,Lens (Beam Length Mod - Basic Quality),,inventory,1,crafting equipmentmod,42500,50000,57500,,
mod_weapon_chargetime_01_mk1,Jumper (Charge Time Mod - Basic Quality),,inventory,1,crafting equipmentmod,42500,50000,57500,,
mod_weapon_cooling_01_mk1,Tramontane (Cooling Mod - Basic Quality),,inventory,1,crafting equipmentmod,42500,50000,57500,,
mod_weapon_cooling_01_mk2,Labrador (Cooling Mod - Enhanced Quality),,inventory,1,crafting equipmentmod,212500,250000,287500,,
mod_weapon_cooling_02_mk1,Gregale (Cooling Mod - Basic Quality),,inventory,1,crafting equipmentmod,42500,50000,57500,,
mod_weapon_cooling_02_mk2,Humboldt (Cooling Mod - Enhanced Quality),,inventory,1,crafting equipmentmod,212500,250000,287500,,
mod_weapon_cooling_03_mk1,Mistral (Cooling Mod - Basic Quality),,inventory,1,crafting equipmentmod,42500,50000,57500,,
mod_weapon_cooling_03_mk2,Kuril (Cooling Mod - Enhanced Quality),,inventory,1,crafting equipmentmod,212500,250000,287500,,
mod_weapon_cooling_04_mk2,Okhotsk (Cooling Mod - Enhanced Quality),,inventory,1,crafting equipmentmod,212500,250000,287500,,
mod_weapon_cooling_05_mk2,Benguela (Cooling Mod - Enhanced Quality),,inventory,1,crafting equipmentmod,212500,250000,287500,,
mod_weapon_damage_01_mk1,Piercer (Damage Mod - Basic Quality),,inventory,1,crafting equipmentmod,42500,50000,57500,,
mod_weapon_damage_01_mk2,Assassin (Damage Mod - Enhanced Quality),,inventory,1,crafting equipmentmod,212500,250000,287500,,
mod_weapon_damage_01_mk3,Obliterator (Damage Mod - Exceptional Quality),,inventory,1,crafting equipmentmod,1062500,1250000,1437500,,
mod_weapon_damage_02_mk1,Stabber (Damage Mod - Basic Quality),,inventory,1,crafting equipmentmod,42500,50000,57500,,
mod_weapon_damage_02_mk2,Exterminator (Damage Mod - Enhanced Quality),,inventory,1,crafting equipmentmod,212500,250000,287500,,
mod_weapon_damage_02_mk3,Annihilator (Damage Mod - Exceptional Quality),,inventory,1,crafting equipmentmod,1062500,1250000,1437500,,
mod_weapon_damage_03_mk1,Slasher (Damage Mod - Basic Quality),,inventory,1,crafting equipmentmod,42500,50000,57500,,
mod_weapon_damage_03_mk2,Butcher (Damage Mod - Enhanced Quality),,inventory,1,crafting equipmentmod,212500,250000,287500,,
mod_weapon_damage_04_mk2,Executioner (Damage Mod - Enhanced Quality),,inventory,1,crafting equipmentmod,212500,250000,287500,,
mod_weapon_damage_05_mk2,Slayer (Damage Mod - Enhanced Quality),,inventory,1,crafting equipmentmod,212500,250000,287500,,
mod_weapon_lifetime_01_mk1,Endurance (Projectile Lifetime Mod - Basic Quality),,inventory,1,crafting equipmentmod,42500,50000,57500,,
mod_weapon_mining_01_mk1,Digger (Mining Multiplier Mod - Basic Quality),,inventory,1,crafting equipmentmod,42500,50000,57500,,
mod_weapon_mining_01_mk3,Excavator (Mining Multiplier Mod - Exceptional Quality),,inventory,1,crafting equipmentmod,1062500,1250000,1437500,,
mod_weapon_reload_01_mk1,Cowboy (Reload Mod - Basic Quality),,inventory,1,crafting equipmentmod,42500,50000,57500,,
mod_weapon_rotationspeed_01_mk1,Gimbal (Rotation Speed Mod - Basic Quality),,inventory,1,crafting equipmentmod,42500,50000,57500,,
mod_weapon_speed_01_mk1,Dispatcher (Projectile Speed Mod - Basic Quality),,inventory,1,crafting equipmentmod,42500,50000,57500,,
mod_weapon_speed_01_mk3,Expediter (Projectile Speed Mod - Exceptional Quality),,inventory,1,crafting equipmentmod,1062500,1250000,1437500,,
mod_weapon_sticktime_01_mk1,Gum (Sticky Projectile Time Mod - Basic Quality),,inventory,1,crafting equipmentmod,42500,50000,57500,,
mod_weapon_sticktime_01_mk2,Cement (Sticky Projectile Time Mod - Enhanced Quality),,inventory,1,crafting equipmentmod,212500,250000,287500,,
mod_weapon_sticktime_02_mk2,Glue (Sticky Projectile Time Mod - Enhanced Quality),,inventory,1,crafting equipmentmod,212500,250000,287500,,
mod_weapon_sticktime_03_mk2,Adhesive (Sticky Projectile Time Mod - Exceptional Quality),,inventory,1,crafting equipmentmod,212500,250000,287500,,
mod_weapon_surfaceelement_01_mk1,Intruder (Surface Element Damage Mod - Basic Quality),,inventory,1,crafting equipmentmod,42500,50000,57500,,
mod_weapon_surfaceelement_01_mk2,Infiltrator (Surface Element Damage Mod - Enhanced Quality),,inventory,1,crafting equipmentmod,212500,250000,287500,,
mod_weapon_surfaceelement_01_mk3,Invader (Surface Element Damage Mod - Exceptional Quality),,inventory,1,crafting equipmentmod,1062500,1250000,1437500,,
nividium,Nividium,minerals,solid,10,economy minable mineral solid,434,510,587,,
nividiumgems,nividiumgems,,container,2,,646,1077,1507,,
nostropoil,Nostrop Oil,food,container,1,container economy,20,34,47,,
ore,Ore,minerals,solid,10,economy minable mineral solid,43,50,58,,
paintmod_0001,Shade of Innocence,,inventory,1,inventory paintmod,1,1,1,,
paintmod_0002,Federation Pennon,,inventory,1,inventory paintmod,1,1,1,,
paintmod_0003,Republic Standard,,inventory,1,inventory paintmod,1,1,1,,
paintmod_0004,Company Skin,,inventory,1,inventory paintmod,1,1,1,,
paintmod_0005,Scale Plate Greenback,,inventory,1,inventory paintmod,1,1,1,,
paintmod_0006,Foundation Blue,,inventory,1,inventory paintmod,1,1,1,,
paintmod_0007,Hatikvah Banner,,inventory,1,inventory paintmod,1,1,1,,
paintmod_0008,Origin Unknown,,inventory,1,inventory paintmod,1,1,1,,
paintmod_0009,Godrealm Pride,,inventory,1,inventory paintmod,1,1,1,,
paintmod_0010,Order Wrath,,inventory,1,inventory paintmod,1,1,1,,
paintmod_0011,Alliance Honour,,inventory,1,inventory paintmod,1,1,1,,
paintmod_0012,Ministry Buck,,inventory,1,inventory paintmod,1,1,1,,
paintmod_0013,Act of Distraction,,inventory,1,inventory paintmod,1,1,1,,
paintmod_0014,Ianamus Ztealth,,inventory,1,inventory paintmod,1,1,1,,
paintmod_0015,Not Like This,,inventory,1,inventory paintmod,1,1,1,,
paintmod_0016,Washout,,inventory,1,inventory paintmod,1,1,1,,
paintmod_0017,Black Steel,,inventory,1,inventory paintmod,1,1,1,,
paintmod_0018,Grey Steel,,inventory,1,inventory paintmod,1,1,1,,
paintmod_0019,Foundation X,,inventory,1,inventory paintmod,1,1,1,,
paintmod_0020,Matrix Annihilation,,inventory,1,inventory paintmod,1,1,1,,
paintmod_0021,Verbillion,,inventory,1,inventory paintmod,1,1,1,,
paintmod_0022,Splatter,,inventory,1,inventory paintmod,1,1,1,,
paintmod_0023,Cracked Surface,,inventory,1,inventory paintmod,1,1,1,,
paintmod_0024,Federation Camo 1,,inventory,1,inventory paintmod,1,1,1,,
paintmod_0025,Federation Camo 2,,inventory,1,inventory paintmod,1,1,1,,
paintmod_0026,Federation Camo 3,,inventory,1,inventory paintmod,1,1,1,,
paintmod_0027,Republic Camo 1,,inventory,1,inventory paintmod,1,1,1,,
paintmod_0028,Republic Camo 2,,inventory,1,inventory paintmod,1,1,1,,
paintmod_0029,Republic Camo 3,,inventory,1,inventory paintmod,1,1,1,,
paintmod_0030,Company Camo 1,,inventory,1,inventory paintmod,1,1,1,,
paintmod_0031,Company Camo 2,,inventory,1,inventory paintmod,1,1,1,,
paintmod_0032,Company Camo 3,,inventory,1,inventory paintmod,1,1,1,,
paintmod_0033,Scale Plate Camo 1,,inventory,1,inventory paintmod,1,1,1,,
paintmod_0034,Scale Plate Camo 2,,inventory,1,inventory paintmod,1,1,1,,
paintmod_0035,Scale Plate Camo 3,,inventory,1,inventory paintmod,1,1,1,,
paintmod_0036,Godrealm Camo 1,,inventory,1,inventory paintmod,1,1,1,,
paintmod_0037,Godrealm Camo 2,,inventory,1,inventory paintmod,1,1,1,,
paintmod_0038,Godrealm Camo 3,,inventory,1,inventory paintmod,1,1,1,,
paintmod_0039,Holy Order Camo 1,,inventory,1,inventory paintmod,1,1,1,,
paintmod_0040,Holy Order Camo 2,,inventory,1,inventory paintmod,1,1,1,,
paintmod_0041,Holy Order Camo 3,,inventory,1,inventory paintmod,1,1,1,,
paintmod_0042,Alliance Camo 1,,inventory,1,inventory paintmod,1,1,1,,
paintmod_0043,Alliance Camo 2,,inventory,1,inventory paintmod,1,1,1,,
paintmod_0044,Alliance Camo 3,,inventory,1,inventory paintmod,1,1,1,,
paintmod_0045,Ministry Camo 1,,inventory,1,inventory paintmod,1,1,1,,
paintmod_0046,Ministry Camo 2,,inventory,1,inventory paintmod,1,1,1,,
paintmod_0047,Ministry Camo 3,,inventory,1,inventory paintmod,1,1,1,,
paintmod_0048,Foundation Red,,inventory,1,inventory paintmod,1,1,1,,
paintmod_0049,Foundation Green,,inventory,1,inventory paintmod,1,1,1,,
paintmod_0050,Foundation Yellow,,inventory,1,inventory paintmod,1,1,1,,
paintmod_0051,Roadkill,,inventory,1,inventory paintmod,1,1,1,,
paintmod_0052,Scorched,,inventory,1,inventory paintmod,1,1,1,,
paintmod_0053,End of Line,,inventory,1,inventory paintmod,1,1,1,,
paintmod_0054,Bzzzzz!,,inventory,1,inventory paintmod,1,1,1,,
paintmod_0055,Violence,,inventory,1,inventory paintmod,1,1,1,,
paintmod_0056,Obsidian X,,inventory,1,inventory paintmod,1,1,1,,
paintmod_0057,Legitimate Business,,inventory,1,inventory paintmod,1,1,1,,
paintmod_0058,Aldrin,,inventory,1,inventory paintmod,1,1,1,,
paintmod_0059,Cold Metal,,inventory,1,inventory paintmod,1,1,1,,
paintmod_0060,Captain Pearle,,inventory,1,inventory paintmod,1,1,1,,
paintmod_0061,Mineral Rush,,inventory,1,inventory paintmod,1,1,1,,
paintmod_0062,Corsair's Gambit,,inventory,1,inventory paintmod,1,1,1,,
paintmod_0063,Cascade Alpha,,inventory,1,inventory paintmod,1,1,1,,
paintmod_0064,Sinister Fume,,inventory,1,inventory paintmod,1,1,1,,
paintmod_0065,Silent Sanctuary,,inventory,1,inventory paintmod,1,1,1,,
paintmod_0066,Warden,,inventory,1,inventory paintmod,1,1,1,,
paintmod_0067,J.B.C.,,inventory,1,inventory paintmod,1,1,1,,
paintmod_0068,Extraction,,inventory,1,inventory paintmod,1,1,1,,
paintmod_0069,Smokestack,,inventory,1,inventory paintmod,1,1,1,,
paintmod_0070,Relic Hunter,,inventory,1,inventory paintmod,1,1,1,,
paintmod_0071,Crystal Thief,,inventory,1,inventory paintmod,1,1,1,,
paintmod_0072,Disposal Unit 3,,inventory,1,inventory paintmod,1,1,1,,
paintmod_0073,Woodland Pasture,,inventory,1,inventory paintmod,1,1,1,,
paintmod_0074,The Vindicator,,inventory,1,inventory paintmod,1,1,1,,
paintmod_0075,Scream,,inventory,1,inventory paintmod,1,1,1,,
paintmod_0076,Forty-Two,,inventory,1,inventory paintmod,1,1,1,,
paintmod_0077,Path to Glory,,inventory,1,inventory paintmod,1,1,1,,
paintmod_0078,Digital Templar,,inventory,1,inventory paintmod,1,1,1,,
paintmod_0079,Rising Star,,inventory,1,inventory paintmod,1,1,1,,
paintmod_0080,Opportunity,,inventory,1,inventory paintmod,1,1,1,,
paintmod_0081,Kilroy,,inventory,1,inventory paintmod,1,1,1,,
paintmod_0082,Distinct Past,,inventory,1,inventory paintmod,1,1,1,,
paintmod_0083,Worm God,,inventory,1,inventory paintmod,1,1,1,,
paintmod_0084,Woody Valley,,inventory,1,inventory paintmod,1,1,1,,
paintmod_0085,Leap of Faith,,inventory,1,inventory paintmod,1,1,1,,
paintmod_0086,FHD040,,inventory,1,inventory paintmod,1,1,1,,
paintmod_0087,Snakebite,,inventory,1,inventory paintmod,1,1,1,,
paintmod_0088,Court Order,,inventory,1,inventory paintmod,1,1,1,,
paintmod_0089,Free Spirit,,inventory,1,inventory paintmod,1,1,1,,
paintmod_0090,Family Standard,,inventory,1,inventory paintmod,1,1,1,,
paintmod_0091,Family Shadow,,inventory,1,inventory paintmod,1,1,1,,
paintmod_0092,Family Veil,,inventory,1,inventory paintmod,1,1,1,,
paintmod_0093,Evasive Action,,inventory,1,inventory paintmod,1,1,1,,
paintmod_0094,Covert Operation,,inventory,1,inventory paintmod,1,1,1,,
paintmod_0095,Privy Court,,inventory,1,inventory paintmod,1,1,1,,
paintmod_0096,Cabal Covert,,inventory,1,inventory paintmod,1,1,1,,
paintmod_0097,Cardinal,,inventory,1,inventory paintmod,1,1,1,,
paintmod_0098,Cobalt,,inventory,1,inventory paintmod,1,1,1,,
paintmod_0099,Sage,,inventory,1,inventory paintmod,1,1,1,,
paintmod_0100,Saffron,,inventory,1,inventory paintmod,1,1,1,,
paintmod_0101,LootBoy,,inventory,1,inventory paintmod,1,1,1,,
paintmod_0102,Trinity Device,,inventory,1,inventory paintmod,1,1,1,,
paintmod_0103,Band of Buccaneers,,inventory,1,inventory paintmod,1,1,1,,
paintmod_0104,Tempest Livery,,inventory,1,inventory paintmod,1,1,1,,
paintmod_0105,Checkmate,,inventory,1,inventory paintmod,1,1,1,,
paintmod_0106,Neon Dream,,inventory,1,inventory paintmod,1,1,1,,
paintmod_0107,Terracotta,,inventory,1,inventory paintmod,1,1,1,,
paintmod_0108,Jade,,inventory,1,inventory paintmod,1,1,1,,
paintmod_0109,Ocean,,inventory,1,inventory paintmod,1,1,1,,
paintmod_0110,Canary,,inventory,1,inventory paintmod,1,1,1,,
paintmod_0111,Mock Turtle,,inventory,1,inventory paintmod,1,1,1,,
paintmod_0112,Jagged Amethyst,,inventory,1,inventory paintmod,1,1,1,,
paintmod_0113,Bubble Up,,inventory,1,inventory paintmod,1,1,1,,
paintmod_0114,Alpha Zone,,inventory,1,inventory paintmod,1,1,1,,
paintmod_0115,Alautun,,inventory,1,inventory paintmod,1,1,1,,
paintmod_0116,Verdant,,inventory,1,inventory paintmod,1,1,1,,
paintmod_0117,Solset,,inventory,1,inventory paintmod,1,1,1,,
paintmod_0118,Solset Dapple,,inventory,1,inventory paintmod,1,1,1,,
paintmod_0119,Solset Canopy,,inventory,1,inventory paintmod,1,1,1,,
paintmod_0120,Cerulean Utopia,,inventory,1,inventory paintmod,1,1,1,,
paintmod_0121,Azureous Utopia,,inventory,1,inventory paintmod,1,1,1,,
paintmod_0122,Utopia,,inventory,1,inventory paintmod,1,1,1,,
paintmod_0123,Violaceous,,inventory,1,inventory paintmod,1,1,1,,
paintmod_0124,Violaceous Cybershroud,,inventory,1,inventory paintmod,1,1,1,,
paintmod_0125,Violaceous Xenomask,,inventory,1,inventory paintmod,1,1,1,,
paintmod_0126,Iveshead,,inventory,1,inventory paintmod,1,1,1,,
paintmod_0127,Rustbucket,,inventory,1,inventory paintmod,1,1,1,,
paintmod_0128,Afterglow,,inventory,1,inventory paintmod,1,1,1,,
paintmod_0129,Dune,,inventory,1,inventory paintmod,1,1,1,,
paintmod_0130,Bloodgorged,,inventory,1,inventory paintmod,1,1,1,,
paintmod_0131,Bounty Hunter,,inventory,1,inventory paintmod,1,1,1,,
paintmod_0132,Haggard,,inventory,1,inventory paintmod,1,1,1,,
paintmod_0133,Scarecrow,,inventory,1,inventory paintmod,1,1,1,,
paintmod_0134,Thistle,,inventory,1,inventory paintmod,1,1,1,,
paintmod_0135,Nuts and Bolts,,inventory,1,inventory paintmod,1,1,1,,
paintmod_0136,Corrosive,,inventory,1,inventory paintmod,1,1,1,,
paintmod_0137,Blade's Edge,,inventory,1,inventory paintmod,1,1,1,,
paintmod_0138,Zorba,,inventory,1,inventory paintmod,1,1,1,,
paintmod_0139,Pannacotta,,inventory,1,inventory paintmod,1,1,1,,
paintmod_0140,Ericaceous,,inventory,1,inventory paintmod,1,1,1,,
paintmod_0141,Wildwood,,inventory,1,inventory paintmod,1,1,1,,
paintmod_0142,Spectrum,,inventory,1,inventory paintmod,1,1,1,,
paintmod_0143,Rockpool,,inventory,1,inventory paintmod,1,1,1,,
paintmod_0144,Amaranthus,,inventory,1,inventory paintmod,1,1,1,,
paintmod_0145,Boneshard,,inventory,1,inventory paintmod,1,1,1,,
paintmod_0146,Arcturus,,inventory,1,inventory paintmod,1,1,1,,
paintmod_0147,Constellation,,inventory,1,inventory paintmod,1,1,1,,
paintmod_0148,Diploria,,inventory,1,inventory paintmod,1,1,1,,
paintmod_0149,Sanguine,,inventory,1,inventory paintmod,1,1,1,,
paintmod_0150,Radiance,,inventory,1,inventory paintmod,1,1,1,,
paintmod_0151,Vineyard,,inventory,1,inventory paintmod,1,1,1,,
paintmod_0152,Illucid,,inventory,1,inventory paintmod,1,1,1,,
paintmod_0153,Parchment,,inventory,1,inventory paintmod,1,1,1,,
paintmod_0154,Ironclad,,inventory,1,inventory paintmod,1,1,1,,
paintmod_0155,Clickbait,,inventory,1,inventory paintmod,1,1,1,,
paintmod_0156,Dewdrop,,inventory,1,inventory paintmod,1,1,1,,
paintmod_0157,Serpentine,,inventory,1,inventory paintmod,1,1,1,,
paintmod_0158,Thunderstruck,,inventory,1,inventory paintmod,1,1,1,,
paintmod_0159,Gloomfire,,inventory,1,inventory paintmod,1,1,1,,
paintmod_0160,Cyan Aura,,inventory,1,inventory paintmod,1,1,1,,
paintmod_0161,Bleached Peach,,inventory,1,inventory paintmod,1,1,1,,
paintmod_0162,Midnight Bliss,,inventory,1,inventory paintmod,1,1,1,,
paintmod_0163,Mellow Mocha,,inventory,1,inventory paintmod,1,1,1,,
paintmod_0164,Burnt Umber,,inventory,1,inventory paintmod,1,1,1,,
paintmod_0165,Molten Core,,inventory,1,inventory paintmod,1,1,1,,
paintmod_0166,Pearl Prospect,,inventory,1,inventory paintmod,1,1,1,,
paintmod_0167,Arctic Whisper,,inventory,1,inventory paintmod,1,1,1,,
paintmod_0168,Razzle Dazzle,,inventory,1,inventory paintmod,1,1,1,,
paintmod_0169,Lava Lamp,,inventory,1,inventory paintmod,1,1,1,,
paintmod_0170,Spice of Life,,inventory,1,inventory paintmod,1,1,1,,
paintmod_0171,Top Brass,,inventory,1,inventory paintmod,1,1,1,,
paintmod_0172,Frozen in Time,,inventory,1,inventory paintmod,1,1,1,,
paintmod_0173,Eternal Hunger,,inventory,1,inventory paintmod,1,1,1,,
paintmod_0174,Glistening Ambition,,inventory,1,inventory paintmod,1,1,1,,
paintmod_0175,Cosmic Velvet,,inventory,1,inventory paintmod,1,1,1,,
paintmod_0176,Lunar Desire,,inventory,1,inventory paintmod,1,1,1,,
paintmod_0177,Sweet Corruption,,inventory,1,inventory paintmod,1,1,1,,
paintmod_0178,Patient Zero,,inventory,1,inventory paintmod,1,1,1,,
paintmod_0179,Grains of Sand,,inventory,1,inventory paintmod,1,1,1,,
paintmod_0180,Chaos Theory,,inventory,1,inventory paintmod,1,1,1,,
paintmod_0181,Rain Check,,inventory,1,inventory paintmod,1,1,1,,
paintmod_0182,Down in Flames,,inventory,1,inventory paintmod,1,1,1,,
paintmod_0183,X Marks the Spot,,inventory,1,inventory paintmod,1,1,1,,
paintmod_0184,Omega Shift,,inventory,1,inventory paintmod,1,1,1,,
paintmod_0185,Cast Asunder,,inventory,1,inventory paintmod,1,1,1,,
paintmod_0186,Agent of Glory,,inventory,1,inventory paintmod,1,1,1,,
paintmod_0187,Argnu Dreams,,inventory,1,inventory paintmod,1,1,1,,
paintmod_0188,Scruffin Fool,,inventory,1,inventory paintmod,1,1,1,,
paintmod_0189,Nostrop Rush,,inventory,1,inventory paintmod,1,1,1,,
paintmod_0190,Maja Blast,,inventory,1,inventory paintmod,1,1,1,,
paintmod_0191,BoFu Marinade,,inventory,1,inventory paintmod,1,1,1,,
paintmod_0192,Margin of Error,,inventory,1,inventory paintmod,1,1,1,,
paintmod_0193,Force of Nature,,inventory,1,inventory paintmod,1,1,1,,
paintmod_0194,Instruments of Darkness,,inventory,1,inventory paintmod,1,1,1,,
paintmod_0195,Symphony of Stars,,inventory,1,inventory paintmod,1,1,1,,
paintmod_0196,Reflections of Reality,,inventory,1,inventory paintmod,1,1,1,,
paintmod_0197,Hostage to Fortune,,inventory,1,inventory paintmod,1,1,1,,
paintmod_0198,Eye of the Needle,,inventory,1,inventory paintmod,1,1,1,,
paintmod_0199,Cloak and Dagger,,inventory,1,inventory paintmod,1,1,1,,
paintmod_0200,Beyond the Event Horizon,,inventory,1,inventory paintmod,1,1,1,,
paintmod_0201,Caveat Emptor,,inventory,1,inventory paintmod,1,1,1,,
paintmod_0202,Carpe Diem,,inventory,1,inventory paintmod,1,1,1,,
paintmod_0203,Wake Up!,,inventory,1,inventory paintmod,1,1,1,,
paintmod_0204,Keeper of the Wheel,,inventory,1,inventory paintmod,1,1,1,,
paintmod_0205,There and Back Again,,inventory,1,inventory paintmod,1,1,1,,
paintmod_0206,Mind the Gap,,inventory,1,inventory paintmod,1,1,1,,
paintmod_0207,Eternal Golden Braid,,inventory,1,inventory paintmod,1,1,1,,
paintmod_0208,Thought Crime,,inventory,1,inventory paintmod,1,1,1,,
paintmod_0209,Nebular Cartography,,inventory,1,inventory paintmod,1,1,1,,
paintmod_0210,In Xanadu,,inventory,1,inventory paintmod,1,1,1,,
paintmod_0211,Blush Response,,inventory,1,inventory paintmod,1,1,1,,
paintmod_0212,Skaï Mauve,,inventory,1,inventory paintmod,1,1,1,,
paintmod_0213,Forbidden Colours,,inventory,1,inventory paintmod,1,1,1,,
paintmod_0214,Electric Dreamscape,,inventory,1,inventory paintmod,1,1,1,,
paintmod_0215,Sound of Silence,,inventory,1,inventory paintmod,1,1,1,,
paintmod_0216,Fade to Grey,,inventory,1,inventory paintmod,1,1,1,,
paintmod_0217,Risk Factor,,inventory,1,inventory paintmod,1,1,1,,
paintmod_0218,Mornington Crescent,,inventory,1,inventory paintmod,1,1,1,,
paintmod_0219,Fractal Dimension,,inventory,1,inventory paintmod,1,1,1,,
paintmod_0220,Sierpinski Triangle,,inventory,1,inventory paintmod,1,1,1,,
paintmod_0221,Brownian Motion,,inventory,1,inventory paintmod,1,1,1,,
paintmod_0222,Non-Euclidean Geometry,,inventory,1,inventory paintmod,1,1,1,,
paintmod_0223,Parabolic Trajectory,,inventory,1,inventory paintmod,1,1,1,,
paintmod_0224,Premature Optimisation,,inventory,1,inventory paintmod,1,1,1,,
paintmod_0225,Sanity Check,,inventory,1,inventory paintmod,1,1,1,,
paintmod_0226,Critical Hit,,inventory,1,inventory paintmod,1,1,1,,
paintmod_0227,Twenty Credits,,inventory,1,inventory paintmod,1,1,1,,
paintmod_0228,Codebreaker,,inventory,1,inventory paintmod,1,1,1,,
paintmod_0229,Octree,,inventory,1,inventory paintmod,1,1,1,,
paintmod_0230,Nutmeg,,inventory,1,inventory paintmod,1,1,1,,
paintmod_0231,Domesday,,inventory,1,inventory paintmod,1,1,1,,
paintmod_0232,Prehistorica,,inventory,1,inventory paintmod,1,1,1,,
paintmod_0233,Inflorescence,,inventory,1,inventory paintmod,1,1,1,,
paintmod_0234,Roundabout,,inventory,1,inventory paintmod,1,1,1,,
paintmod_0235,Lachrymose,,inventory,1,inventory paintmod,1,1,1,,
paintmod_0236,Scrimshaw,,inventory,1,inventory paintmod,1,1,1,,
paintmod_0237,Glagolitic,,inventory,1,inventory paintmod,1,1,1,,
paintmod_0238,Fahrenheit,,inventory,1,inventory paintmod,1,1,1,,
paintmod_0239,Wildfire,,inventory,1,inventory paintmod,1,1,1,,
paintmod_0240,Zosimos,,inventory,1,inventory paintmod,1,1,1,,
paintmod_0241,Carborundum,,inventory,1,inventory paintmod,1,1,1,,
paintmod_0242,Uenuku,,inventory,1,inventory paintmod,1,1,1,,
paintmod_0243,PJK,,inventory,1,inventory paintmod,1,1,1,,
paintmod_0244,Marazion,,inventory,1,inventory paintmod,1,1,1,,
paintmod_0245,Blackcomb,,inventory,1,inventory paintmod,1,1,1,,
paintmod_0246,Redcoat,,inventory,1,inventory paintmod,1,1,1,,
paintmod_0247,Greenbelt,,inventory,1,inventory paintmod,1,1,1,,
paintmod_0248,Bluegrass,,inventory,1,inventory paintmod,1,1,1,,
paintmod_0249,Yellowhammer,,inventory,1,inventory paintmod,1,1,1,,
paintmod_0250,Hypermint,,inventory,1,inventory paintmod,1,1,1,,
paintmod_0251,Mandarin,,inventory,1,inventory paintmod,1,1,1,,
paintmod_0252,Ultramarine,,inventory,1,inventory paintmod,1,1,1,,
paintmod_0253,Shocking,,inventory,1,inventory paintmod,1,1,1,,
paintmod_0254,Hollow Garnet,,inventory,1,inventory paintmod,1,1,1,,
paintmod_0255,Goldeneye,,inventory,1,inventory paintmod,1,1,1,,
paintmod_0256,Sand Castle,,inventory,1,inventory paintmod,1,1,1,,
paintmod_0257,Moss Pillow,,inventory,1,inventory paintmod,1,1,1,,
paintmod_0258,Indigo Drift,,inventory,1,inventory paintmod,1,1,1,,
paintmod_0259,Mulled Wine,,inventory,1,inventory paintmod,1,1,1,,
paintmod_0260,Diamond Fuchsia,,inventory,1,inventory paintmod,1,1,1,,
paintmod_0261,Cinnamon Swirl,,inventory,1,inventory paintmod,1,1,1,,
paintmod_0262,Ink Blot,,inventory,1,inventory paintmod,1,1,1,,
paintmod_0263,Ash Plume,,inventory,1,inventory paintmod,1,1,1,,
paintmod_0264,Alabaster Shell,,inventory,1,inventory paintmod,1,1,1,,
paintmod_0265,Carbon Copy,,inventory,1,inventory paintmod,1,1,1,,
paintmod_0266,Solar Blaze,,inventory,1,inventory paintmod,1,1,1,,
paintmod_0267,Deep Space Glitter,,inventory,1,inventory paintmod,1,1,1,,
paintmod_0268,Starry Nightfall,,inventory,1,inventory paintmod,1,1,1,,
paintmod_0269,Aurora Haze,,inventory,1,inventory paintmod,1,1,1,,
paintmod_0270,Infinite Horizon,,inventory,1,inventory paintmod,1,1,1,,
paintmod_0271,Twilight Mirage,,inventory,1,inventory paintmod,1,1,1,,
paintmod_0272,Quantum Pathfinder,,inventory,1,inventory paintmod,1,1,1,,
paintmod_0273,Crimson Comet,,inventory,1,inventory paintmod,1,1,1,,
paintmod_0274,Interstellar Inferno,,inventory,1,inventory paintmod,1,1,1,,
paintmod_0275,Hypernova Heatwave,,inventory,1,inventory paintmod,1,1,1,,
paintmod_0276,Sapphire Storm,,inventory,1,inventory paintmod,1,1,1,,
paintmod_0277,Molten Meteor,,inventory,1,inventory paintmod,1,1,1,,
paintmod_0278,Oceanic Odyssey,,inventory,1,inventory paintmod,1,1,1,,
paintmod_0279,Dawn to Dusk,,inventory,1,inventory paintmod,1,1,1,,
paintmod_0280,Carnelian,,inventory,1,inventory paintmod,1,1,1,,
paintmod_0281,Periwinkle,,inventory,1,inventory paintmod,1,1,1,,
paintmod_0282,Goldenrod,,inventory,1,inventory paintmod,1,1,1,,
paintmod_0283,Mulberry,,inventory,1,inventory paintmod,1,1,1,,
paintmod_0284,Lofoten Green,,inventory,1,inventory paintmod,1,1,1,,
paintmod_0285,Extract of Indigo,,inventory,1,inventory paintmod,1,1,1,,
paintmod_0286,Soft Rime,,inventory,1,inventory paintmod,1,1,1,,
paintmod_0287,Burnt Umber,,inventory,1,inventory paintmod,1,1,1,,
paintmod_0288,Ochre Mutation,,inventory,1,inventory paintmod,1,1,1,,
paintmod_0289,Amber Codon,,inventory,1,inventory paintmod,1,1,1,,
paintmod_0290,Pearly Queen,,inventory,1,inventory paintmod,1,1,1,,
paintmod_0291,Heart of Onyx,,inventory,1,inventory paintmod,1,1,1,,
paintmod_0292,Construction Zone,,inventory,1,inventory paintmod,1,1,1,,
plasmaconductors,Plasma Conductors,hightech,container,32,container economy stationbuilding,769,1026,1282,,
quantumtubes,Quantum Tubes,hightech,container,22,container economy,225,300,375,,
rawkhaakscrap,Allographyne Scrap,refined,solid,10,processed recycling solid,30,40,50,,
rawscrap,Raw Scrap,refined,solid,10,processed recycling solid,153,180,207,,
refinedmetals,Refined Metals,refined,container,14,container economy,89,148,207,,
research_agentslot_01,Embassy Management - Upgrade I,,research,1,nocustomgamestart research,1,1,1,,
research_agentslot_02,Embassy Management - Upgrade II,,research,1,nocustomgamestart research,1,1,1,,
research_diplomacy_network,Diplomacy Network,,research,1,nocustomgamestart research,1,1,1,,
research_equipment_xenon,Xenon Special Equipment,,research,1,nocustomgamestart research,1,1,1,,
research_high_mass_teleportation,High-mass Teleportation,,research,1,research,1,1,1,,
research_interference_network,Undercover Interference Network,,research,1,nocustomgamestart research,1,1,1,,
research_module_build,Build Module Hack,,research,1,hidden research,1,1,1,,
research_module_defence,Defence Module Hack,,research,1,research,1,1,1,,
research_module_dock,Dock Module Hack,,research,1,research,1,1,1,,
research_module_habitation,Habitation Module Hack,,research,1,research,1,1,1,,
research_module_production,Production Module Hack,,research,1,research,1,1,1,,
research_module_storage,Storage Module Hack,,research,1,research,1,1,1,,
research_module_venture,Venture Docks,,research,1,hidden research,1,1,1,,
research_module_welfare_1,Welfare Module - Gambling Den,,research,1,research,1,1,1,,
research_module_welfare_1_pre,Investigate nearby station.,,research,1,missiononly research,1,1,1,,
research_mod_engine_mk1,Basic Engine Mods,,research,1,research,1,1,1,,
research_mod_engine_mk2,Advanced Engine Mods,,research,1,research,1,1,1,,
research_mod_engine_mk3,Exceptional Engine Mods,,research,1,research,1,1,1,,
research_mod_engine_pre,Acquire Engine Sensors,,research,1,missiononly research,1,1,1,,
research_mod_shield_mk1,Basic Shield Mods,,research,1,research,1,1,1,,
research_mod_shield_mk2,Advanced Shield Mods,,research,1,research,1,1,1,,
research_mod_shield_mk3,Exceptional Shield Mods,,research,1,research,1,1,1,,
research_mod_shield_pre,Acquire Weapon Damage Data,,research,1,missiononly research,1,1,1,,
research_mod_ship_mk1,Basic Chassis Mods,,research,1,research,1,1,1,,
research_mod_ship_mk2,Advanced Chassis Mods,,research,1,research,1,1,1,,
research_mod_ship_mk3,Exceptional Chassis Mods,,research,1,research,1,1,1,,
research_mod_ship_pre,Acquire Nanites,,research,1,missiononly research,1,1,1,,
research_mod_weapon_mk1,Basic Weapon Mods,,research,1,research,1,1,1,,
research_mod_weapon_mk2,Advanced Weapon Mods,,research,1,research,1,1,1,,
research_mod_weapon_mk3,Exceptional Weapon Mods,,research,1,research,1,1,1,,
research_mod_weapon_pre,Acquire Regulators,,research,1,missiononly research,1,1,1,,
research_radioreceiver,Radio Receiver,,research,1,hidden research,1,1,1,,
research_sensorbooster,Sensor Booster,,research,1,hidden research,1,1,1,,
research_seta,Time Compression,,research,1,research,1,1,1,,
research_seta_pre,Time Compression Prerequisite,,research,1,missiononly research,1,1,1,,
research_teleportation,Teleportation,,research,1,research,1,1,1,,
research_teleportation_range_01,Teleportation - Range I,,research,1,research,1,1,1,,
research_teleportation_range_02,Teleportation - Range II,,research,1,research,1,1,1,,
research_teleportation_range_03,Teleportation - Range III,,research,1,research,1,1,1,,
research_tradeinterface,Trade Interface,,research,1,hidden research,1,1,1,,
research_warp_hq_01,High-mass Teleportation I,,research,1,research,1,1,1,,
research_warp_hq_02,High-mass Teleportation II,,research,1,research,1,1,1,,
research_xenon_crisis_01,Fleet-Wide Sensor Analytics,,research,1,nocustomgamestart research,1,1,1,,
research_xenon_crisis_02,Xenon Intelligence Study,,research,1,nocustomgamestart research,1,1,1,,
resourceprobe_01,Resource Probe,,equipment,1,equipment resourceprobe,5249,6175,7101,eq_arg_resourceprobe_01_macro,
satellite_mk1,Satellite,,equipment,1,equipment satellite,4152,4885,5618,eq_arg_satellite_01_macro,
satellite_mk2,Advanced Satellite,,equipment,1,equipment satellite,44380,52215,60045,eq_arg_satellite_02_macro,
scanningarrays,Scanning Arrays,hightech,container,38,container economy,842,1053,1264,,
scrapmetal,Scrap Metal,refined,solid,10,economy recycling solid,318,375,431,,
shieldcomponents,Shield Components,shiptech,container,10,container economy stationbuilding,113,188,264,,
shield_arg_l_standard_01_mk1,ARG L Shield Generator Mk1,shields,equipment,1,equipment shield,42166,46851,51536,shield_arg_l_standard_01_mk1_macro,
shield_arg_l_standard_01_mk2,ARG L Shield Generator Mk2,shields,equipment,1,equipment shield,205644,228494,251343,shield_arg_l_standard_01_mk2_macro,
shield_arg_m_standard_01_mk1,ARG M Shield Generator Mk1,shields,equipment,1,equipment shield,15405,17117,18828,shield_arg_m_standard_01_mk1_macro,
shield_arg_m_standard_01_mk2,ARG M Shield Generator Mk2,shields,equipment,1,equipment shield,74538,82820,91102,shield_arg_m_standard_01_mk2_macro,
shield_arg_m_standard_02_mk1,ARG M Shield Generator Mk1,shields,equipment,1,equipment shield,15405,17117,18828,shield_arg_m_standard_02_mk1_macro,
shield_arg_m_standard_02_mk2,ARG M Shield Generator Mk2,shields,equipment,1,equipment shield,73916,82129,90342,shield_arg_m_standard_02_mk2_macro,
shield_arg_s_standard_01_mk1,ARG S Shield Generator Mk1,shields,equipment,1,equipment shield,1219,1354,1489,shield_arg_s_standard_01_mk1_macro,
shield_arg_s_standard_01_mk2,ARG S Shield Generator Mk2,shields,equipment,1,equipment shield,10186,11318,12449,shield_arg_s_standard_01_mk2_macro,
shield_arg_s_standard_01_mk3,ARG S Shield Generator Mk3,shields,equipment,1,equipment shield,49892,55436,60979,shield_arg_s_standard_01_mk3_macro,
shield_arg_xl_standard_01_mk1,ARG XL Shield Generator Mk1,shields,equipment,1,equipment shield,225671,250745,275820,shield_arg_xl_standard_01_mk1_macro,
shield_kha_l_standard_01_mk1,KHA L Shield Generator Mk1,shields,equipment,1,equipment noblueprint noplayerblueprint shield,0,0,0,shield_kha_l_standard_01_mk1_macro,
shield_kha_m_standard_01_mk1,KHA M Shield Generator Mk1,shields,equipment,1,equipment noblueprint noplayerblueprint shield,0,0,0,shield_kha_m_standard_01_mk1_macro,
shield_kha_m_standard_02_mk1,KHA M Shield Generator Mk1,shields,equipment,1,equipment noblueprint noplayerblueprint shield,0,0,0,shield_kha_m_standard_02_mk1_macro,
shield_kha_m_standard_03_mk1,KHA M Shield Generator Mk1,shields,equipment,1,equipment noblueprint noplayerblueprint shield,0,0,0,shield_kha_m_standard_03_mk1_macro,
shield_kha_s_standard_01_mk1,KHA S Shield Generator Mk1,shields,equipment,1,equipment noblueprint noplayerblueprint shield,0,0,0,shield_kha_s_standard_01_mk1_macro,
shield_kha_xl_standard_01_mk1,KHA XL Shield Generator Mk1,shields,equipment,1,equipment noblueprint noplayerblueprint shield,0,0,0,shield_kha_xl_standard_01_mk1_macro,
shield_par_l_standard_01_mk1,PAR L Shield Generator Mk1,shields,equipment,1,equipment shield,47226,52473,57720,shield_par_l_standard_01_mk1_macro,
shield_par_l_standard_01_mk2,PAR L Shield Generator Mk2,shields,equipment,1,equipment shield,230322,255913,281505,shield_par_l_standard_01_mk2_macro,
shield_par_m_standard_01_mk1,PAR M Shield Generator Mk1,shields,equipment,1,equipment shield,16946,18828,20711,shield_par_m_standard_01_mk1_macro,
shield_par_m_standard_01_mk2,PAR M Shield Generator Mk2,shields,equipment,1,equipment shield,81992,91102,100213,shield_par_m_standard_01_mk2_macro,
shield_par_m_standard_02_mk1,PAR M Shield Generator Mk1,shields,equipment,1,equipment shield,15860,17622,19384,shield_par_m_standard_02_mk1_macro,
shield_par_m_standard_02_mk2,PAR M Shield Generator Mk2,shields,equipment,1,equipment shield,34397,38219,42041,shield_par_m_standard_02_mk2_macro,
shield_par_s_standard_01_mk1,PAR S Shield Generator Mk1,shields,equipment,1,equipment shield,1365,1516,1668,shield_par_s_standard_01_mk1_macro,
shield_par_s_standard_01_mk2,PAR S Shield Generator Mk2,shields,equipment,1,equipment shield,11409,12676,13944,shield_par_s_standard_01_mk2_macro,
shield_par_s_standard_01_mk3,PAR S Shield Generator Mk3,shields,equipment,1,equipment shield,55879,62088,68297,shield_par_s_standard_01_mk3_macro,
shield_par_xl_standard_01_mk1,PAR XL Shield Generator Mk1,shields,equipment,1,equipment shield,252751,280834,308918,shield_par_xl_standard_01_mk1_macro,
shield_tel_l_standard_01_mk1,TEL L Shield Generator Mk1,shields,equipment,1,equipment shield,42166,46851,51536,shield_tel_l_standard_01_mk1_macro,
shield_tel_l_standard_01_mk2,TEL L Shield Generator Mk2,shields,equipment,1,equipment shield,205644,228494,251343,shield_tel_l_standard_01_mk2_macro,
shield_tel_m_standard_01_mk1,TEL M Shield Generator Mk1,shields,equipment,1,equipment shield,15405,17117,18828,shield_tel_m_standard_01_mk1_macro,
shield_tel_m_standard_01_mk2,TEL M Shield Generator Mk2,shields,equipment,1,equipment shield,74538,82820,91102,shield_tel_m_standard_01_mk2_macro,
shield_tel_m_standard_02_mk1,TEL M Shield Generator Mk1,shields,equipment,1,equipment shield,14418,16020,17622,shield_tel_m_standard_02_mk1_macro,
shield_tel_m_standard_02_mk2,TEL M Shield Generator Mk2,shields,equipment,1,equipment shield,31270,34745,38219,shield_tel_m_standard_02_mk2_macro,
shield_tel_s_standard_01_mk1,TEL S Shield Generator Mk1,shields,equipment,1,equipment shield,1219,1354,1489,shield_tel_s_standard_01_mk1_macro,
shield_tel_s_standard_01_mk2,TEL S Shield Generator Mk2,shields,equipment,1,equipment shield,10186,11318,12450,shield_tel_s_standard_01_mk2_macro,
shield_tel_s_standard_01_mk3,TEL S Shield Generator Mk3,shields,equipment,1,equipment shield,49892,55436,60980,shield_tel_s_standard_01_mk3_macro,
shield_tel_xl_standard_01_mk1,TEL XL Shield Generator Mk1,shields,equipment,1,equipment shield,225671,250745,275820,shield_tel_xl_standard_01_mk1_macro,
shield_xen_l_standard_01_mk1,XEN L Shield Generator Mk1,shields,equipment,1,equipment noplayerblueprint shield,41386,45984,50582,shield_xen_l_standard_01_mk1_macro,
shield_xen_l_standard_01_mk2,XEN L Shield Generator Mk2,shields,equipment,1,equipment noplayerblueprint shield,110765,123072,135379,shield_xen_l_standard_01_mk2_macro,
shield_xen_l_standard_02_mk1,XEN L Shield Generator Mk1,shields,equipment,1,equipment shield,41386,45984,50582,shield_xen_l_standard_02_mk1_macro,
shield_xen_l_standard_02_mk2,XEN L Shield Generator Mk2,shields,equipment,1,equipment shield,110765,123072,135379,shield_xen_l_standard_02_mk2_macro,
shield_xen_m_standard_01_mk1,XEN M Shield Generator Mk1,shields,equipment,1,equipment noplayerblueprint shield,16174,17971,19768,shield_xen_m_standard_01_mk1_macro,
shield_xen_m_standard_01_mk2,XEN M Shield Generator Mk2,shields,equipment,1,equipment noplayerblueprint shield,33385,37094,40804,shield_xen_m_standard_01_mk2_macro,
shield_xen_m_standard_02_mk1,XEN M Shield Generator Mk1,shields,equipment,1,equipment noplayerblueprint shield,16174,17971,19768,shield_xen_m_standard_02_mk1_macro,
shield_xen_m_standard_02_mk2,XEN M Shield Generator Mk2,shields,equipment,1,equipment noplayerblueprint shield,33385,37094,40804,shield_xen_m_standard_02_mk2_macro,
shield_xen_m_standard_04_mk1,XEN M Shield Generator Mk1,shields,equipment,1,equipment shield,16174,17971,19768,shield_xen_m_standard_04_mk1_macro,
shield_xen_m_virtual_01_mk1,XEN M Shield Generator Mk1,shields,equipment,1,equipment shield,16174,17971,19768,shield_xen_m_virtual_01_mk1_macro,
shield_xen_s_standard_01_mk1,XEN S Shield Generator Mk1,shields,equipment,1,equipment noplayerblueprint shield,1901,2112,2323,shield_xen_s_standard_01_mk1_macro,
shield_xen_s_standard_01_mk2,XEN S Shield Generator Mk2,shields,equipment,1,equipment noplayerblueprint shield,4579,5088,5597,shield_xen_s_standard_01_mk2_macro,
shield_xen_s_virtual_01_mk1,XEN S Shield Generator Mk1,shields,equipment,1,equipment shield,1901,2112,2323,shield_xen_s_virtual_01_mk1_macro,
shield_xen_xl_standard_01_mk1,XEN XL Shield Generator Mk1,shields,equipment,1,equipment noplayerblueprint shield,221493,246104,270714,shield_xen_xl_standard_01_mk1_macro,
ship_arg_l_destroyer_01_a,Behemoth Vanguard,,ship,1,ship,4006156,4713125,5420094,ship_arg_l_destroyer_01_a_macro,
ship_arg_l_destroyer_01_b,Behemoth Sentinel,,ship,1,ship,4795063,5641250,6487438,ship_arg_l_destroyer_01_b_macro,
ship_arg_l_destroyer_02_a,Behemoth E,,ship,1,ship,8325747,9250830,10175913,ship_arg_l_destroyer_02_a_macro,
ship_arg_l_miner_liquid_01_a,Magnetar (Gas) Vanguard,,ship,1,ship,1111460,1307600,1503740,ship_arg_l_miner_liquid_01_a_macro,
ship_arg_l_miner_liquid_01_b,Magnetar (Gas) Sentinel,,ship,1,ship,1350914,1589310,1827707,ship_arg_l_miner_liquid_01_b_macro,
ship_arg_l_miner_solid_01_a,Magnetar (Mineral) Vanguard,,ship,1,ship,1108727,1304385,1500043,ship_arg_l_miner_solid_01_a_macro,
ship_arg_l_miner_solid_01_b,Magnetar (Mineral) Sentinel,,ship,1,ship,1348181,1586095,1824009,ship_arg_l_miner_solid_01_b_macro,
ship_arg_l_trans_container_01_a,Veles Vanguard,,ship,1,ship,2605841,3065695,3525549,ship_arg_l_trans_container_01_a_macro,
ship_arg_l_trans_container_01_b,Veles Sentinel,,ship,1,ship,3140563,3694780,4248997,ship_arg_l_trans_container_01_b_macro,
ship_arg_l_trans_container_02_a,Mokosi Vanguard,,ship,1,ship,2705448,3182880,3660312,ship_arg_l_trans_container_02_a_macro,
ship_arg_l_trans_container_02_b,Mokosi Sentinel,,ship,1,ship,3251101,3824825,4398549,ship_arg_l_trans_container_02_b_macro,
ship_arg_l_trans_container_03_a,Incarcatura Vanguard,,ship,1,ship,2632348,3096880,3561412,ship_arg_l_trans_container_03_a_macro,
ship_arg_l_trans_container_03_b,Incarcatura Sentinel,,ship,1,ship,4249222,4999085,5748948,ship_arg_l_trans_container_03_b_macro,
ship_arg_l_trans_container_04_a,Shuyaku Vanguard,,ship,1,ship,3842459,4520540,5198621,ship_arg_l_trans_container_04_a_macro,
ship_arg_l_trans_container_04_b,Shuyaku Sentinel,,ship,1,ship,4614858,5429245,6243632,ship_arg_l_trans_container_04_b_macro,
ship_arg_l_trans_container_05_a,Sonra Vanguard,,ship,1,ship,3049154,3587240,4125326,ship_arg_l_trans_container_05_a_macro,
ship_arg_l_trans_container_05_b,Sonra Sentinel,,ship,1,ship,3650555,4294770,4938986,ship_arg_l_trans_container_05_b_macro,
ship_arg_m_bomber_01_a,Minotaur Vanguard,,ship,1,ship,637993,750580,863167,ship_arg_m_bomber_01_a_macro,
ship_arg_m_bomber_01_b,Minotaur Sentinel,,ship,1,ship,755166,888430,1021695,ship_arg_m_bomber_01_b_macro,
ship_arg_m_bomber_02_a,Minotaur Raider,,ship,1,ship,629863,741015,852167,ship_arg_m_bomber_02_a_macro,
ship_arg_m_frigate_01_a,Cerberus Vanguard,,ship,1,ship,819115,963665,1108215,ship_arg_m_frigate_01_a_macro,
ship_arg_m_frigate_01_b,Cerberus Sentinel,,ship,1,ship,973250,1145000,1316750,ship_arg_m_frigate_01_b_macro,
ship_arg_m_miner_liquid_01_a,Sunder (Gas) Vanguard,,ship,1,ship,108413,127545,146677,ship_arg_m_miner_liquid_01_a_macro,
ship_arg_m_miner_liquid_01_b,Sunder (Gas) Sentinel,,ship,1,ship,137173,161380,185587,ship_arg_m_miner_liquid_01_b_macro,
ship_arg_m_miner_solid_01_a,Drill (Mineral) Vanguard,,ship,1,ship,112170,131965,151760,ship_arg_m_miner_solid_01_a_macro,
ship_arg_m_miner_solid_01_b,Drill (Mineral) Sentinel,,ship,1,ship,132528,155915,179302,ship_arg_m_miner_solid_01_b_macro,
ship_arg_m_trans_container_01_a,Mercury Vanguard,,ship,1,ship,147352,173355,199358,ship_arg_m_trans_container_01_a_macro,
ship_arg_m_trans_container_01_b,Mercury Sentinel,,ship,1,ship,177000,208235,239470,ship_arg_m_trans_container_01_b_macro,
ship_arg_m_trans_container_02_a,Ides Vanguard,,ship,1,ship,179422,199358,219294,ship_arg_m_trans_container_02_a_macro,
ship_arg_m_trans_container_02_b,Ides Sentinel,,ship,1,ship,215523,239470,263417,ship_arg_m_trans_container_02_b_macro,
ship_arg_s_fighter_01_a,Nova Vanguard,,ship,1,ship,112175,131970,151766,ship_arg_s_fighter_01_a_macro,
ship_arg_s_fighter_01_b,Nova Sentinel,,ship,1,ship,136085,160100,184115,ship_arg_s_fighter_01_b_macro,
ship_arg_s_fighter_02_a,Elite Vanguard,,ship,1,ship,65242,76755,88268,ship_arg_s_fighter_02_a_macro,
ship_arg_s_fighter_02_b,Elite Sentinel,,ship,1,ship,79042,92990,106939,ship_arg_s_fighter_02_b_macro,
ship_arg_s_fighter_03_a,Pulsar Vanguard,,ship,1,ship,96530,113565,130600,ship_arg_s_fighter_03_a_macro,
ship_arg_s_fighter_04_a,Quasar Vanguard,,ship,1,ship,85463,100545,115627,ship_arg_s_fighter_04_a_macro,
ship_arg_s_heavyfighter_01_a,Eclipse Vanguard,,ship,1,,159039,187105,215171,ship_arg_s_heavyfighter_01_a_macro,
ship_arg_s_heavyfighter_01_b,Eclipse Sentinel,,ship,1,,192104,226005,259906,ship_arg_s_heavyfighter_01_b_macro,
ship_arg_s_heavyfighter_02_a,Eclipse Vanguard,,ship,1,ship,144283,169745,195207,ship_arg_s_heavyfighter_02_a_macro,
ship_arg_s_miner_solid_01_a,Courier (Mineral),,ship,1,ship,70775,83265,95755,ship_arg_s_miner_solid_01_a_macro,
ship_arg_s_scout_01_a,Discoverer Vanguard,,ship,1,ship,74464,87605,100746,ship_arg_s_scout_01_a_macro,
ship_arg_s_scout_01_b,Discoverer Sentinel,,ship,1,ship,90041,105930,121820,ship_arg_s_scout_01_b_macro,
ship_arg_s_trans_container_01_a,Courier Vanguard,,ship,1,ship,132396,155760,179124,ship_arg_s_trans_container_01_a_macro,
ship_arg_s_trans_container_01_b,Courier Sentinel,,ship,1,ship,158083,185980,213877,ship_arg_s_trans_container_01_b_macro,
ship_arg_s_trans_container_02_a,Callisto Vanguard,,ship,1,ship,68043,80050,92058,ship_arg_s_trans_container_02_a_macro,
ship_arg_s_trans_container_02_b,Callisto Sentinel,,ship,1,ship,83687,98455,113223,ship_arg_s_trans_container_02_b_macro,
ship_arg_xl_builder_01_a,Mammoth Vanguard,,ship,1,ship,7755200,9123765,10492330,ship_arg_xl_builder_01_a_macro,
ship_arg_xl_builder_01_b,Mammoth Sentinel,,ship,1,ship,9306200,10948470,12590741,ship_arg_xl_builder_01_b_macro,
ship_arg_xl_carrier_01_a,Colossus Vanguard,,ship,1,ship,8576543,10090050,11603558,ship_arg_xl_carrier_01_a_macro,
ship_arg_xl_carrier_01_b,Colossus Sentinel,,ship,1,ship,10287274,12102675,13918076,ship_arg_xl_carrier_01_b_macro,
ship_arg_xl_carrier_02_a,Colossus E,,ship,1,ship,12287713,15359641,18431569,ship_arg_xl_carrier_02_a_macro,
ship_arg_xl_resupplier_01_a,Nomad Vanguard,,ship,1,ship,7310438,8600515,9890592,ship_arg_xl_resupplier_01_a_macro,
ship_arg_xl_resupplier_01_b,Nomad Sentinel,,ship,1,ship,8766199,10313175,11860151,ship_arg_xl_resupplier_01_b_macro,
ship_arg_xs_police_01_a,Argon Station Security Vessel,drones,equipment,1,drone equipment noplayerblueprint,9707,11420,13133,ship_arg_xs_police_01_a_macro,
ship_gen_m_transdrone_container_01_a,Medium Drop Drone,drones,ship,1,noplayerbuild ship,39610,46600,53590,ship_gen_m_transdrone_container_01_a_macro,
ship_gen_m_tugboat_01_a,Manticore,,ship,1,ship,342342,402755,463168,ship_gen_m_tugboat_01_a_macro,
ship_gen_s_fighter_01_a,Nodan Vanguard,,ship,1,ship,65986,77630,89275,ship_gen_s_fighter_01_a_macro,
ship_gen_s_fighter_01_b,Nodan Sentinel,,ship,1,ship,81082,95390,109699,ship_gen_s_fighter_01_b_macro,
ship_gen_s_fightingdrone_01_a,Defence Drone,drones,equipment,1,drone equipment,11611,13660,15709,ship_gen_s_fightingdrone_01_a_macro,
ship_gen_s_lasertower_01_a,Laser Tower Mk2,,equipment,1,equipment lasertower,12555,14770,16986,ship_gen_s_lasertower_01_a_macro,
ship_gen_s_miningdrone_liquid_01_a,Gas Collector Drone,drones,equipment,1,drone equipment,11781,13860,15939,ship_gen_s_miningdrone_liquid_01_a_macro,
ship_gen_s_miningdrone_solid_01_a,Mining Drone,drones,equipment,1,drone equipment,11781,13860,15939,ship_gen_s_miningdrone_solid_01_a_macro,
ship_gen_s_transdrone_container_01_a,Small Drop Drone,drones,ship,1,noplayerbuild ship,19805,23300,26795,ship_gen_s_transdrone_container_01_a_macro,
ship_gen_xs_buildingdrone_01_a,Building Drone,drones,equipment,1,drone equipment,12980,15270,17561,ship_gen_xs_buildingdrone_01_a_macro,
ship_gen_xs_cargodrone_empty_01_a,Cargo Drone,drones,equipment,1,drone equipment,13728,16150,18573,ship_gen_xs_cargodrone_empty_01_a_macro,
ship_gen_xs_lasertower_01_a,Laser Tower Mk1,,equipment,1,equipment lasertower,8033,9450,10868,ship_gen_xs_lasertower_01_a_macro,
ship_gen_xs_repairdrone_01_a,Repair Drone,drones,equipment,1,drone equipment,12980,15270,17561,ship_gen_xs_repairdrone_01_a_macro,
ship_kha_l_destroyer_01_a,Ravager,,ship,1,noblueprint noplayerblueprint ship,0,0,0,ship_kha_l_destroyer_01_a_macro,
ship_kha_m_fighter_01_a,Queen's Guard,,ship,1,noblueprint noplayerblueprint ship,0,0,0,ship_kha_m_fighter_01_a_macro,
ship_kha_m_fighter_02_a,Hive Guard,,ship,1,noblueprint noplayerblueprint ship,0,0,0,ship_kha_m_fighter_02_a_macro,
ship_kha_s_fighter_01_a,Protector,,ship,1,noblueprint noplayerblueprint ship,0,0,0,ship_kha_s_fighter_01_a_macro,
ship_kha_s_fighter_02_a,Forager,,ship,1,noblueprint noplayerblueprint ship,0,0,0,ship_kha_s_fighter_02_a_macro,
ship_kha_xl_battleship_01_a,Obliterator,,ship,1,noblueprint noplayerblueprint ship,0,0,0,ship_kha_xl_battleship_01_a_macro,
ship_par_l_destroyer_01_a,Odysseus Vanguard,,ship,1,ship,4276299,5030940,5785581,ship_par_l_destroyer_01_a_macro,
ship_par_l_destroyer_01_b,Odysseus Sentinel,,ship,1,ship,5135781,6042095,6948409,ship_par_l_destroyer_01_b_macro,
ship_par_l_destroyer_02_a,Odysseus E,,ship,1,ship,8812035,9791150,10770265,ship_par_l_destroyer_02_a_macro,
ship_par_l_miner_liquid_01_a,Chthonios (Gas) Vanguard,,ship,1,ship,981657,1154890,1328124,ship_par_l_miner_liquid_01_a_macro,
ship_par_l_miner_liquid_01_b,Chthonios (Gas) Sentinel,,ship,1,ship,1186405,1395770,1605136,ship_par_l_miner_liquid_01_b_macro,
ship_par_l_miner_liquid_02_a,Chthonios E (Gas),,ship,1,ship,1352877,1591620,1830363,ship_par_l_miner_liquid_02_a_macro,
ship_par_l_miner_solid_01_a,Chthonios (Mineral) Vanguard,,ship,1,ship,981657,1154890,1328124,ship_par_l_miner_solid_01_a_macro,
ship_par_l_miner_solid_01_b,Chthonios (Mineral) Sentinel,,ship,1,ship,1186405,1395770,1605136,ship_par_l_miner_solid_01_b_macro,
ship_par_l_miner_solid_02_a,Chthonios E (Mineral),,ship,1,ship,1352881,1591625,1830369,ship_par_l_miner_solid_02_a_macro,
ship_par_l_trans_container_01_a,Helios Vanguard,,ship,1,ship,1696396,1995760,2295124,ship_par_l_trans_container_01_a_macro,
ship_par_l_trans_container_01_b,Helios Sentinel,,ship,1,ship,2049189,2410810,2772432,ship_par_l_trans_container_01_b_macro,
ship_par_l_trans_container_02_a,Selene Vanguard,,ship,1,ship,1696396,1995760,2295124,ship_par_l_trans_container_02_a_macro,
ship_par_l_trans_container_02_b,Selene Sentinel,,ship,1,ship,2049189,2410810,2772432,ship_par_l_trans_container_02_b_macro,
ship_par_l_trans_container_03_a,Helios E,,ship,1,ship,2949500,3470000,3990500,ship_par_l_trans_container_03_a_macro,
ship_par_m_corvette_01_a,Nemesis Vanguard,,ship,1,ship,528951,622295,715639,ship_par_m_corvette_01_a_macro,
ship_par_m_corvette_01_b,Nemesis Sentinel,,ship,1,ship,634372,746320,858268,ship_par_m_corvette_01_b_macro,
ship_par_m_frigate_01_a,Gorgon Vanguard,,ship,1,ship,933555,1098300,1263045,ship_par_m_frigate_01_a_macro,
ship_par_m_frigate_01_b,Gorgon Sentinel,,ship,1,ship,1124584,1323040,1521496,ship_par_m_frigate_01_b_macro,
ship_par_m_miner_liquid_01_a,Plutus (Gas) Vanguard,,ship,1,ship,113059,133010,152962,ship_par_m_miner_liquid_01_a_macro,
ship_par_m_miner_liquid_01_b,Plutus (Gas) Sentinel,,ship,1,ship,138129,162505,186881,ship_par_m_miner_liquid_01_b_macro,
ship_par_m_miner_solid_01_a,Plutus (Mineral) Vanguard,,ship,1,ship,113059,133010,152962,ship_par_m_miner_solid_01_a_macro,
ship_par_m_miner_solid_01_b,Plutus (Mineral) Sentinel,,ship,1,ship,138129,162505,186881,ship_par_m_miner_solid_01_b_macro,
ship_par_m_trans_container_01_a,Demeter Vanguard,,ship,1,ship,150153,176650,203148,ship_par_m_trans_container_01_a_macro,
ship_par_m_trans_container_01_b,Demeter Sentinel,,ship,1,ship,194693,229050,263408,ship_par_m_trans_container_01_b_macro,
ship_par_m_trans_container_02_a,Hermes Vanguard,,ship,1,ship,150153,176650,203148,ship_par_m_trans_container_02_a_macro,
ship_par_m_trans_container_02_b,Hermes Sentinel,,ship,1,ship,194693,229050,263408,ship_par_m_trans_container_02_b_macro,
ship_par_m_trans_container_03_a,Prometheus,,ship,1,ship,203460,292080,380700,ship_par_m_trans_container_03_a_macro,
ship_par_s_fighter_01_a,Perseus Vanguard,,ship,1,ship,133284,156805,180326,ship_par_s_fighter_01_a_macro,
ship_par_s_fighter_01_b,Perseus Sentinel,,ship,1,ship,159928,188150,216373,ship_par_s_fighter_01_b_macro,
ship_par_s_fighter_02_a,Theseus Vanguard,,ship,1,ship,150773,177380,203987,ship_par_s_fighter_02_a_macro,
ship_par_s_fighter_02_b,Theseus Sentinel,,ship,1,ship,180149,211940,243731,ship_par_s_fighter_02_b_macro,
ship_par_s_heavyfighter_01_a,Ares,,ship,1,ship,207009,243540,280071,ship_par_s_heavyfighter_01_a_macro,
ship_par_s_miner_solid_01_a,Tethys (Mineral),,ship,1,ship,70775,83265,95755,ship_par_s_miner_solid_01_a_macro,
ship_par_s_scout_01_a,Pegasus Vanguard,,ship,1,ship,68043,80050,92058,ship_par_s_scout_01_a_macro,
ship_par_s_scout_01_b,Pegasus Sentinel,,ship,1,ship,82731,97330,111930,ship_par_s_scout_01_b_macro,
ship_par_s_trans_container_01_a,Tethys Vanguard,,ship,1,ship,127751,150295,172839,ship_par_s_trans_container_01_a_macro,
ship_par_s_trans_container_01_b,Tethys Sentinel,,ship,1,ship,156239,183810,211382,ship_par_s_trans_container_01_b_macro,
ship_par_xl_builder_01_a,Heracles Vanguard,,ship,1,ship,7755200,9123765,10492330,ship_par_xl_builder_01_a_macro,
ship_par_xl_builder_01_b,Heracles Sentinel,,ship,1,ship,9306200,10948470,12590741,ship_par_xl_builder_01_b_macro,
ship_par_xl_carrier_01_a,Zeus Vanguard,,ship,1,ship,11158558,13127715,15096872,ship_par_xl_carrier_01_a_macro,
ship_par_xl_carrier_01_b,Zeus Sentinel,,ship,1,ship,13385719,15747905,18110091,ship_par_xl_carrier_01_b_macro,
ship_par_xl_carrier_02_a,Zeus E,,ship,1,ship,14909536,17540630,20171725,ship_par_xl_carrier_02_a_macro,
ship_par_xl_resupplier_01_a,Atlas Vanguard,,ship,1,ship,8194429,9640505,11086581,ship_par_xl_resupplier_01_a_macro,
ship_par_xl_resupplier_01_b,Atlas Sentinel,,ship,1,ship,9833493,11568815,13304137,ship_par_xl_resupplier_01_b_macro,
ship_par_xl_resupplier_02_a,Atlas E,,ship,1,ship,13138973,15457615,17776257,ship_par_xl_resupplier_02_a_macro,
ship_par_xs_police_01_a,Paranid Station Security Vessel,drones,equipment,1,drone equipment noplayerblueprint,9707,11420,13133,ship_par_xs_police_01_a_macro,
ship_tel_l_destroyer_01_a,Phoenix Vanguard,,ship,1,ship,4482356,5273360,6064364,ship_tel_l_destroyer_01_a_macro,
ship_tel_l_destroyer_01_b,Phoenix Sentinel,,ship,1,ship,5361719,6307905,7254091,ship_tel_l_destroyer_01_b_macro,
ship_tel_l_destroyer_02_a,Phoenix E,,ship,1,ship,5431379,6034866,6638353,ship_tel_l_destroyer_02_a_macro,
ship_tel_l_miner_liquid_01_a,Crane (Gas) Vanguard,,ship,1,ship,1277814,1503310,1728807,ship_tel_l_miner_liquid_01_a_macro,
ship_tel_l_miner_liquid_01_b,Crane (Gas) Sentinel,,ship,1,ship,1533732,1804390,2075049,ship_tel_l_miner_liquid_01_b_macro,
ship_tel_l_miner_liquid_02_a,Crane E (Gas),,ship,1,ship,1537750,1922187,2306625,ship_tel_l_miner_liquid_02_a_macro,
ship_tel_l_miner_solid_01_a,Crane (Mineral) Vanguard,,ship,1,ship,1277814,1503310,1728807,ship_tel_l_miner_solid_01_a_macro,
ship_tel_l_miner_solid_01_b,Crane (Mineral) Sentinel,,ship,1,ship,1533732,1804390,2075049,ship_tel_l_miner_solid_01_b_macro,
ship_tel_l_miner_solid_02_a,Crane E (Mineral),,ship,1,ship,1537750,1922187,2306625,ship_tel_l_miner_solid_02_a_macro,
ship_tel_l_trans_container_01_a,Pelican Vanguard,,ship,1,ship,2254893,2652815,3050737,ship_tel_l_trans_container_01_a_macro,
ship_tel_l_trans_container_01_b,Pelican Sentinel,,ship,1,ship,2719180,3199035,3678890,ship_tel_l_trans_container_01_b_macro,
ship_tel_l_trans_container_02_a,Heron Vanguard,,ship,1,ship,2071119,2436610,2802102,ship_tel_l_trans_container_02_a_macro,
ship_tel_l_trans_container_02_b,Heron Sentinel,,ship,1,ship,2472416,2908725,3345034,ship_tel_l_trans_container_02_b_macro,
ship_tel_l_trans_container_03_a,Heron E,,ship,1,ship,2840826,3551033,4261239,ship_tel_l_trans_container_03_a_macro,
ship_tel_m_bomber_01_a,Peregrine Vanguard,,ship,1,ship,625354,735710,846067,ship_tel_m_bomber_01_a_macro,
ship_tel_m_bomber_01_b,Peregrine Sentinel,,ship,1,ship,739861,870425,1000989,ship_tel_m_bomber_01_b_macro,
ship_tel_m_frigate_01_a,Osprey Vanguard,,ship,1,ship,887574,1044205,1200836,ship_tel_m_frigate_01_a_macro,
ship_tel_m_frigate_01_b,Osprey Sentinel,,ship,1,ship,1074162,1263720,1453278,ship_tel_m_frigate_01_b_macro,
ship_tel_m_miner_liquid_01_a,Manorina (Gas) Vanguard,,ship,1,ship,101035,118865,136695,ship_tel_m_miner_liquid_01_a_macro,
ship_tel_m_miner_liquid_01_b,Manorina (Gas) Sentinel,,ship,1,ship,122349,143940,165531,ship_tel_m_miner_liquid_01_b_macro,
ship_tel_m_miner_solid_01_a,Manorina (Mineral) Vanguard,,ship,1,ship,101035,118865,136695,ship_tel_m_miner_solid_01_a_macro,
ship_tel_m_miner_solid_01_b,Manorina (Mineral) Sentinel,,ship,1,ship,122349,143940,165531,ship_tel_m_miner_solid_01_b_macro,
ship_tel_m_trans_container_01_a,Vulture Vanguard,,ship,1,ship,226117,266020,305923,ship_tel_m_trans_container_01_a_macro,
ship_tel_m_trans_container_01_b,Vulture Sentinel,,ship,1,ship,262323,308615,354907,ship_tel_m_trans_container_01_b_macro,
ship_tel_m_trans_container_02_a,Tern Vanguard,,ship,1,ship,226117,266020,305923,ship_tel_m_trans_container_02_a_macro,
ship_tel_m_trans_container_02_b,Tern Sentinel,,ship,1,ship,262323,308615,354907,ship_tel_m_trans_container_02_b_macro,
ship_tel_m_trans_container_03_a,Cormorant Vanguard,,ship,1,ship,356006,418830,481655,ship_tel_m_trans_container_03_a_macro,
ship_tel_s_fighter_01_a,Falcon Vanguard,,ship,1,ship,139706,164360,189014,ship_tel_s_fighter_01_a_macro,
ship_tel_s_fighter_01_b,Falcon Sentinel,,ship,1,ship,166349,195705,225061,ship_tel_s_fighter_01_b_macro,
ship_tel_s_fighter_02_a,Buzzard Vanguard,,ship,1,ship,134173,157850,181528,ship_tel_s_fighter_02_a_macro,
ship_tel_s_fighter_02_b,Buzzard Sentinel,,ship,1,ship,161772,190320,218868,ship_tel_s_fighter_02_b_macro,
ship_tel_s_miner_solid_01_a,Magpie (Mineral),,ship,1,ship,77197,90820,104443,ship_tel_s_miner_solid_01_a_macro,
ship_tel_s_scout_01_a,Kestrel Vanguard,,ship,1,ship,78153,91945,105737,ship_tel_s_scout_01_a_macro,
ship_tel_s_scout_01_b,Kestrel Sentinel,,ship,1,ship,93798,110350,126903,ship_tel_s_scout_01_b_macro,
ship_tel_s_scout_02_a,Guillemot Vanguard,,ship,1,ship,118596,139525,160454,ship_tel_s_scout_02_a_macro,
ship_tel_s_scout_02_b,Guillemot Sentinel,,ship,1,ship,141551,166530,191510,ship_tel_s_scout_02_b_macro,
ship_tel_s_trans_container_01_a,Magpie Vanguard,,ship,1,ship,143395,168700,194005,ship_tel_s_trans_container_01_a_macro,
ship_tel_s_trans_container_01_b,Magpie Sentinel,,ship,1,ship,170038,200045,230052,ship_tel_s_trans_container_01_b_macro,
ship_tel_s_trans_container_02_a,Raven,,ship,1,noblueprint nocustomgamestart noplayerbuild ship,481177,566090,651004,ship_tel_s_trans_container_02_a_macro,
ship_tel_xl_builder_01_a,Albatross Vanguard,,ship,1,ship,7755200,9123765,10492330,ship_tel_xl_builder_01_a_macro,
ship_tel_xl_builder_01_b,Albatross Sentinel,,ship,1,ship,9306200,10948470,12590741,ship_tel_xl_builder_01_b_macro,
ship_tel_xl_carrier_01_a,Condor Vanguard,,ship,1,ship,9494968,11170550,12846133,ship_tel_xl_carrier_01_a_macro,
ship_tel_xl_carrier_01_b,Condor Sentinel,,ship,1,ship,11398156,13409595,15421034,ship_tel_xl_carrier_01_b_macro,
ship_tel_xl_resupplier_01_a,Stork Vanguard,,ship,1,ship,6617127,7784855,8952583,ship_tel_xl_resupplier_01_a_macro,
ship_tel_xl_resupplier_01_b,Stork Sentinel,,ship,1,ship,7941236,9342630,10744025,ship_tel_xl_resupplier_01_b_macro,
ship_tel_xs_police_01_a,Teladi Station Security Vessel A,drones,equipment,1,drone equipment noplayerblueprint,9707,11420,13133,ship_tel_xs_police_01_a_macro,
ship_tel_xs_police_02_a,Teladi Station Security Vessel B,drones,equipment,1,drone equipment noplayerblueprint,9707,11420,13133,ship_tel_xs_police_02_a_macro,
ship_tel_xs_police_03_a,Teladi Station Security Vessel C,drones,equipment,1,drone equipment noplayerblueprint,9707,11420,13133,ship_tel_xs_police_03_a_macro,
ship_xen_l_terraformer_01_a,H,,ship,1,nocustomgamestart ship,1424804,1676240,1927676,ship_xen_l_terraformer_01_a_macro,
ship_xen_m_corvette_01_a,B,,ship,1,nocustomgamestart ship,84660,99600,114540,ship_xen_m_corvette_01_a_macro,
ship_xen_m_corvette_02_a,PE,,ship,1,nocustomgamestart ship,72505,85300,98095,ship_xen_m_corvette_02_a_macro,
ship_xen_m_fighter_01_a,P,,ship,1,noplayerblueprint ship,66827,78620,90413,ship_xen_m_fighter_01_a_macro,
ship_xen_m_miner_01_a,S,,ship,1,noplayerblueprint ship,60648,71350,82053,ship_xen_m_miner_01_a_macro,
ship_xen_m_miner_solid_01_a,SE,,ship,1,nocustomgamestart ship,60648,71350,82053,ship_xen_m_miner_solid_01_a_macro,
ship_xen_s_fighter_01_a,N,,ship,1,noplayerblueprint ship,29351,34530,39710,ship_xen_s_fighter_01_a_macro,
ship_xen_s_fighter_02_a,M,,ship,1,noplayerblueprint ship,33864,39840,45816,ship_xen_s_fighter_02_a_macro,
ship_xen_s_heavyfighter_01_a,F,,ship,1,nocustomgamestart ship,57630,67800,77970,ship_xen_s_heavyfighter_01_a_macro,
ship_xen_s_scout_01_a,T,,ship,1,noplayerblueprint ship,21998,25880,29762,ship_xen_s_scout_01_a_macro,
ship_xen_xl_carrier_01_a,I,,ship,1,noplayerblueprint ship,4300932,5059920,5818908,ship_xen_xl_carrier_01_a_macro,
ship_xen_xl_destroyer_01_a,K,,ship,1,noplayerblueprint ship,2067574,2432440,2797306,ship_xen_xl_destroyer_01_a_macro,
silicon,Silicon,minerals,solid,10,economy minable mineral solid,111,130,150,,
siliconwafers,Silicon Wafers,refined,container,18,container economy,180,299,419,,
smartchips,Smart Chips,shiptech,container,2,container economy,46,57,69,,
sm_gen_lockbox_common_01,Lockbox,,inventory,1,lockbox,1,1,1,sm_gen_lockbox_common_01_macro,
software_dockmk1,Docking Computer Mk1,software,software,1,equipment noblueprint software,5000,7500,10000,software_dummy_macro,
software_dockmk2,Docking Computer Mk2,software,software,1,equipment noblueprint software,24576,32768,40960,software_dummy_macro,
software_economymk1,Economy Analytics Software Mk1,software,software,1,noblueprint,5000,7500,10000,,
software_flightassistmk1,Flight Assist Software Mk1,software,software,1,equipment noblueprint software,6825,9100,11375,software_dummy_macro,
software_hackerspacesuitmk1,Hacking Tool,software,inventory,1,disallowdrop inventory noblueprint nocustomgamestart noplayerblueprint personalupgrade,1,1,1,,
software_oxygenspacesuitmk1,Oxygen Upgrade,software,inventory,1,disallowdrop inventory noblueprint nocustomgamestart noplayerblueprint personalupgrade,1,1,1,,
software_scannerlongrangemk1,Long Range Scanner Software Mk1,software,equipment,1,equipment noblueprint scanner software,29274,32526,35779,scanner_gen_s_longrange_01_mk1_macro,
software_scannerlongrangemk2,Long Range Scanner Software Mk2,software,equipment,1,equipment noblueprint scanner software,58547,65052,71558,scanner_gen_s_longrange_01_mk2_macro,
software_scannerminingmk1,Mining Scanner Software Mk1,software,equipment,1,noblueprint noplayerblueprint scanner,21814,24238,26661,scanner_gen_s_mining_01_mk1_macro,
software_scannerminingmk2,Mining Scanner Software Mk2,software,equipment,1,noblueprint noplayerblueprint scanner,65096,72329,79562,scanner_gen_s_mining_01_mk2_macro,
software_scannerobjectmk1,Basic Scanner,software,equipment,1,equipment noblueprint scanner software,10907,12119,13331,scanner_gen_s_object_01_mk1_macro,
software_scannerobjectmk2,Police Scanner,software,equipment,1,equipment noblueprint scanner software,36733,40815,44896,scanner_gen_s_object_01_mk2_macro,
software_scannerobjectmk3,Spacesuit Scanner,software,inventory,1,disallowdrop equipment inventory noblueprint personalupgrade scanner software,800,1000,1200,scanner_gen_s_object_01_mk3_macro,
software_targetmk1,Targeting Computer Extension Mk1,software,software,1,equipment noblueprint software,6144,8192,10240,software_dummy_macro,
software_targetmk2,Targeting Computer Extension Mk2,software,software,1,noblueprint,5000,7500,10000,,
software_trademk1,Trading Computer Extension Mk1,software,software,1,equipment noblueprint software,8438,11250,14063,software_dummy_macro,
software_trademk2,Trading Computer Extension Mk2,software,software,1,noblueprint,5000,7500,10000,,
software_trademk3,Trading Computer Extension Mk3,software,software,1,noblueprint,5000,7500,10000,,
sojabeans,Soja Beans,agricultural,container,5,container economy,40,67,93,,
sojahusk,Soja Husk,food,container,1,container economy,19,32,45,,
spacefuel,Spacefuel,pharmaceutical,container,2,container economy,60,133,207,,
spaceweed,Spaceweed,pharmaceutical,container,3,container economy,75,166,257,,
spices,Spices,agricultural,container,3,container economy,12,20,28,,
sunriseflowers,Sunrise Flowers,agricultural,container,5,container economy,48,80,112,,
superfluidcoolant,Superfluid Coolant,refined,container,16,container economy,90,150,211,,
swampplant,Swamp Plant,agricultural,container,6,container economy,50,84,117,,
teladianium,Teladianium,refined,container,16,container economy,121,202,283,,
thruster_gen_l_allround_01_mk1,L All-round Thrusters Mk1,thrusters,equipment,1,equipment thruster,253435,281595,309754,thruster_gen_l_allround_01_mk1_macro,
thruster_gen_l_allround_01_mk2,L All-round Thrusters Mk2,thrusters,equipment,1,equipment thruster,1266139,1406821,1547503,thruster_gen_l_allround_01_mk2_macro,
thruster_gen_l_allround_01_mk3,L All-round Thrusters Mk3,thrusters,equipment,1,equipment thruster,6328619,7031799,7734979,thruster_gen_l_allround_01_mk3_macro,
thruster_gen_m_allround_01_mk1,M All-round Thrusters Mk1,thrusters,equipment,1,equipment thruster,11717,13019,14321,thruster_gen_m_allround_01_mk1_macro,
thruster_gen_m_allround_01_mk2,M All-round Thrusters Mk2,thrusters,equipment,1,equipment thruster,58067,64519,70971,thruster_gen_m_allround_01_mk2_macro,
thruster_gen_m_allround_01_mk3,M All-round Thrusters Mk3,thrusters,equipment,1,equipment thruster,289300,321445,353589,thruster_gen_m_allround_01_mk3_macro,
thruster_gen_m_combat_01_mk1,M Combat Thrusters Mk1,thrusters,equipment,1,equipment thruster,14899,16555,18210,thruster_gen_m_combat_01_mk1_macro,
thruster_gen_m_combat_01_mk2,M Combat Thrusters Mk2,thrusters,equipment,1,equipment thruster,73978,82198,90418,thruster_gen_m_combat_01_mk2_macro,
thruster_gen_m_combat_01_mk3,M Combat Thrusters Mk3,thrusters,equipment,1,equipment thruster,368854,409838,450821,thruster_gen_m_combat_01_mk3_macro,
thruster_gen_s_allround_01_mk1,S All-round Thrusters Mk1,thrusters,equipment,1,equipment thruster,5353,5948,6542,thruster_gen_s_allround_01_mk1_macro,
thruster_gen_s_allround_01_mk2,S All-round Thrusters Mk2,thrusters,equipment,1,equipment thruster,39752,44169,48586,thruster_gen_s_allround_01_mk2_macro,
thruster_gen_s_allround_01_mk3,S All-round Thrusters Mk3,thrusters,equipment,1,equipment thruster,157946,175495,193045,thruster_gen_s_allround_01_mk3_macro,
thruster_gen_s_combat_01_mk1,S Combat Thrusters Mk1,thrusters,equipment,1,equipment thruster,6241,6934,7628,thruster_gen_s_combat_01_mk1_macro,
thruster_gen_s_combat_01_mk2,S Combat Thrusters Mk2,thrusters,equipment,1,equipment thruster,83968,93298,102628,thruster_gen_s_combat_01_mk2_macro,
thruster_gen_s_combat_01_mk3,S Combat Thrusters Mk3,thrusters,equipment,1,equipment thruster,199757,221952,244147,thruster_gen_s_combat_01_mk3_macro,
thruster_gen_xl_allround_01_mk1,XL All-round Thrusters Mk1,thrusters,equipment,1,equipment thruster,538346,598162,657978,thruster_gen_xl_allround_01_mk1_macro,
thruster_gen_xl_allround_01_mk2,XL All-round Thrusters Mk2,thrusters,equipment,1,equipment thruster,2690693,2989659,3288625,thruster_gen_xl_allround_01_mk2_macro,
thruster_gen_xl_allround_01_mk3,XL All-round Thrusters Mk3,thrusters,equipment,1,equipment thruster,13451392,14945991,16440590,thruster_gen_xl_allround_01_mk3_macro,
turretcomponents,Turret Components,shiptech,container,20,container economy stationbuilding,164,273,383,,
turret_arg_l_beam_01_mk1,ARG L Beam Turret Mk1,turrets,equipment,1,equipment turret,58262,64735,71209,turret_arg_l_beam_01_mk1_macro,
turret_arg_l_dumbfire_01_mk1,ARG L Dumbfire Turret Mk1,turrets,equipment,1,equipment missilelauncher turret,44955,49950,54945,turret_arg_l_dumbfire_01_mk1_macro,
turret_arg_l_guided_01_mk1,ARG L Tracking Turret Mk1,turrets,equipment,1,equipment missilelauncher turret,62937,69930,76923,turret_arg_l_guided_01_mk1_macro,
turret_arg_l_laser_01_mk1,ARG L Pulse Turret Mk1,turrets,equipment,1,equipment turret,43277,48085,52894,turret_arg_l_laser_01_mk1_macro,
turret_arg_l_mining_01_mk1,ARG L Mining Turret Mk1,turrets,equipment,1,equipment turret,14985,16650,18315,turret_arg_l_mining_01_mk1_macro,
turret_arg_l_plasma_01_mk1,ARG L Plasma Turret Mk1,turrets,equipment,1,equipment turret,103217,114685,126154,turret_arg_l_plasma_01_mk1_macro,
turret_arg_m_beam_01_mk1,ARG M Beam Turret Mk1,turrets,equipment,1,equipment turret,29131,32368,35604,turret_arg_m_beam_01_mk1_macro,
turret_arg_m_beam_02_mk1,ARG M Beam Turret Mk1,turrets,equipment,1,equipment turret,29131,32368,35604,turret_arg_m_beam_02_mk1_macro,
turret_arg_m_dumbfire_01_mk1,ARG M Dumbfire Turret Mk1,turrets,equipment,1,missilelauncher noplayerblueprint turret,22478,24975,27473,turret_arg_m_dumbfire_01_mk1_macro,
turret_arg_m_dumbfire_02_mk1,ARG M Dumbfire Turret Mk1,turrets,equipment,1,equipment missilelauncher turret,22478,24975,27473,turret_arg_m_dumbfire_02_mk1_macro,
turret_arg_m_flak_01_mk1,ARG M Flak Turret Mk1,turrets,equipment,1,equipment turret,59101,65668,72234,turret_arg_m_flak_01_mk1_macro,
turret_arg_m_flak_02_mk1,ARG M Flak Turret Mk1,turrets,equipment,1,equipment turret,59101,65668,72234,turret_arg_m_flak_02_mk1_macro,
turret_arg_m_gatling_01_mk1,ARG M Bolt Turret Mk1,turrets,equipment,1,equipment turret,36623,40693,44762,turret_arg_m_gatling_01_mk1_macro,
turret_arg_m_gatling_02_mk1,ARG M Bolt Turret Mk1,turrets,equipment,1,equipment turret,36623,40693,44762,turret_arg_m_gatling_02_mk1_macro,
turret_arg_m_guided_01_mk1,ARG M Tracking Turret Mk1,turrets,equipment,1,missilelauncher noplayerblueprint turret,31469,34965,38462,turret_arg_m_guided_01_mk1_macro,
turret_arg_m_guided_02_mk1,ARG M Tracking Turret Mk1,turrets,equipment,1,equipment missilelauncher turret,31469,34965,38462,turret_arg_m_guided_02_mk1_macro,
turret_arg_m_laser_01_mk1,ARG M Pulse Turret Mk1,turrets,equipment,1,equipment turret,21638,24043,26447,turret_arg_m_laser_01_mk1_macro,
turret_arg_m_laser_02_mk1,ARG M Pulse Turret Mk1,turrets,equipment,1,equipment turret,21638,24043,26447,turret_arg_m_laser_02_mk1_macro,
turret_arg_m_mining_01_mk1,ARG M Mining Turret Mk1,turrets,equipment,1,equipment turret,7493,8325,9158,turret_arg_m_mining_01_mk1_macro,
turret_arg_m_mining_02_mk1,ARG M Mining Turret Mk1,turrets,equipment,1,equipment turret,7493,8325,9158,turret_arg_m_mining_02_mk1_macro,
turret_arg_m_plasma_01_mk1,ARG M Plasma Turret Mk1,turrets,equipment,1,equipment turret,58442,64935,71429,turret_arg_m_plasma_01_mk1_macro,
turret_arg_m_plasma_02_mk1,ARG M Plasma Turret Mk1,turrets,equipment,1,equipment turret,58442,64935,71429,turret_arg_m_plasma_02_mk1_macro,
turret_arg_m_shotgun_01_mk1,ARG M Shard Turret Mk1,turrets,equipment,1,equipment turret,44116,49018,53919,turret_arg_m_shotgun_01_mk1_macro,
turret_arg_m_shotgun_02_mk1,ARG M Shard Turret Mk1,turrets,equipment,1,equipment turret,44116,49018,53919,turret_arg_m_shotgun_02_mk1_macro,
turret_gen_m_scrapbeam_01_mk1,Scrap Tractor,turrets,equipment,1,equipment turret,14146,15718,17289,turret_gen_m_scrapbeam_01_mk1_macro,
turret_kha_l_beam_01_mk1,KHA L Kyon Turret Mk1,turrets,equipment,1,equipment noblueprint noplayerblueprint turret,0,0,0,turret_kha_l_beam_01_mk1_macro,
turret_kha_m_beam_01_mk1,KHA M Kyon Turret Mk1,turrets,equipment,1,equipment noblueprint noplayerblueprint turret,0,0,0,turret_kha_m_beam_01_mk1_macro,
turret_par_l_beam_01_mk1,PAR L Mass Driver Turret Mk1,turrets,equipment,1,equipment turret,148172,164635,181099,turret_par_l_beam_01_mk1_macro,
turret_par_l_dumbfire_01_mk1,PAR L Dumbfire Turret Mk1,turrets,equipment,1,equipment missilelauncher turret,44955,49950,54945,turret_par_l_dumbfire_01_mk1_macro,
turret_par_l_guided_01_mk1,PAR L Tracking Turret Mk1,turrets,equipment,1,equipment missilelauncher turret,62937,69930,76923,turret_par_l_guided_01_mk1_macro,
turret_par_l_laser_01_mk1,PAR L Pulse Turret Mk1,turrets,equipment,1,equipment turret,43277,48085,52894,turret_par_l_laser_01_mk1_macro,
turret_par_l_mining_01_mk1,PAR L Mining Turret Mk1,turrets,equipment,1,equipment turret,14985,16650,18315,turret_par_l_mining_01_mk1_macro,
turret_par_l_plasma_01_mk1,PAR L Plasma Turret Mk1,turrets,equipment,1,equipment turret,103217,114685,126154,turret_par_l_plasma_01_mk1_macro,
turret_par_m_beam_01_mk1,PAR M Mass Driver Turret Mk1,turrets,equipment,1,equipment turret,74086,82318,90549,turret_par_m_beam_01_mk1_macro,
turret_par_m_beam_02_mk1,PAR M Mass Driver Turret Mk1,turrets,equipment,1,equipment turret,74086,82318,90549,turret_par_m_beam_02_mk1_macro,
turret_par_m_dumbfire_01_mk1,PAR M Dumbfire Turret Mk1,turrets,equipment,1,missilelauncher noplayerblueprint turret,22478,24975,27473,turret_par_m_dumbfire_01_mk1_macro,
turret_par_m_dumbfire_02_mk1,PAR M Dumbfire Turret Mk1,turrets,equipment,1,equipment missilelauncher turret,22478,24975,27473,turret_par_m_dumbfire_02_mk1_macro,
turret_par_m_gatling_01_mk1,PAR M Bolt Turret Mk1,turrets,equipment,1,equipment turret,36623,40693,44762,turret_par_m_gatling_01_mk1_macro,
turret_par_m_gatling_02_mk1,PAR M Bolt Turret Mk1,turrets,equipment,1,equipment turret,36623,40693,44762,turret_par_m_gatling_02_mk1_macro,
turret_par_m_guided_01_mk1,PAR M Tracking Turret Mk1,turrets,equipment,1,missilelauncher noplayerblueprint turret,31469,34965,38462,turret_par_m_guided_01_mk1_macro,
turret_par_m_guided_02_mk1,PAR M Tracking Turret Mk1,turrets,equipment,1,equipment missilelauncher turret,31469,34965,38462,turret_par_m_guided_02_mk1_macro,
turret_par_m_laser_01_mk1,PAR M Pulse Turret Mk1,turrets,equipment,1,equipment turret,14146,15718,17289,turret_par_m_laser_01_mk1_macro,
turret_par_m_laser_02_mk1,PAR M Pulse Turret Mk1,turrets,equipment,1,equipment turret,14146,15718,17289,turret_par_m_laser_02_mk1_macro,
turret_par_m_mining_01_mk1,PAR M Mining Turret Mk1,turrets,equipment,1,equipment turret,7493,8325,9158,turret_par_m_mining_01_mk1_macro,
turret_par_m_mining_02_mk1,PAR M Mining Turret Mk1,turrets,equipment,1,equipment turret,7493,8325,9158,turret_par_m_mining_02_mk1_macro,
turret_par_m_plasma_01_mk1,PAR M Plasma Turret Mk1,turrets,equipment,1,equipment turret,51608,57343,63077,turret_par_m_plasma_01_mk1_macro,
turret_par_m_plasma_02_mk1,PAR M Plasma Turret Mk1,turrets,equipment,1,equipment turret,51608,57343,63077,turret_par_m_plasma_02_mk1_macro,
turret_par_m_shotgun_01_mk1,PAR M Blast Mortar Turret Mk1,turrets,equipment,1,equipment turret,66593,73993,81392,turret_par_m_shotgun_01_mk1_macro,
turret_par_m_shotgun_02_mk1,PAR M Blast Mortar Turret Mk1,turrets,equipment,1,equipment turret,66593,73993,81392,turret_par_m_shotgun_02_mk1_macro,
turret_tel_l_beam_01_mk1,TEL L Beam Turret Mk1,turrets,equipment,1,equipment turret,58262,64735,71209,turret_tel_l_beam_01_mk1_macro,
turret_tel_l_dumbfire_01_mk1,TEL L Dumbfire Turret Mk1,turrets,equipment,1,equipment missilelauncher turret,44955,49950,54945,turret_tel_l_dumbfire_01_mk1_macro,
turret_tel_l_guided_01_mk1,TEL L Tracking Turret Mk1,turrets,equipment,1,equipment missilelauncher turret,62937,69930,76923,turret_tel_l_guided_01_mk1_macro,
turret_tel_l_laser_01_mk1,TEL L Pulse Turret Mk1,turrets,equipment,1,equipment turret,28292,31435,34579,turret_tel_l_laser_01_mk1_macro,
turret_tel_l_mining_01_mk1,TEL L Mining Turret Mk1,turrets,equipment,1,equipment turret,14985,16650,18315,turret_tel_l_mining_01_mk1_macro,
turret_tel_l_plasma_01_mk1,TEL L Plasma Shard Turret Mk1,turrets,equipment,1,equipment turret,88232,98035,107839,turret_tel_l_plasma_01_mk1_macro,
turret_tel_m_beam_01_mk1,TEL M Beam Turret Mk1,turrets,equipment,1,equipment turret,29131,32368,35604,turret_tel_m_beam_01_mk1_macro,
turret_tel_m_beam_02_mk1,TEL M Beam Turret Mk1,turrets,equipment,1,equipment turret,29131,32368,35604,turret_tel_m_beam_02_mk1_macro,
turret_tel_m_dumbfire_01_mk1,TEL M Dumbfire Turret Mk1,turrets,equipment,1,missilelauncher noplayerblueprint turret,22478,24975,27473,turret_tel_m_dumbfire_01_mk1_macro,
turret_tel_m_dumbfire_02_mk1,TEL M Dumbfire Turret Mk1,turrets,equipment,1,equipment missilelauncher turret,22478,24975,27473,turret_tel_m_dumbfire_02_mk1_macro,
turret_tel_m_gatling_01_mk1,TEL M Bolt Turret Mk1,turrets,equipment,1,equipment turret,36623,40693,44762,turret_tel_m_gatling_01_mk1_macro,
turret_tel_m_gatling_02_mk1,TEL M Bolt Turret Mk1,turrets,equipment,1,equipment turret,36623,40693,44762,turret_tel_m_gatling_02_mk1_macro,
turret_tel_m_guided_01_mk1,TEL M Tracking Turret Mk1,turrets,equipment,1,missilelauncher noplayerblueprint turret,31469,34965,38462,turret_tel_m_guided_01_mk1_macro,
turret_tel_m_guided_02_mk1,TEL M Tracking Turret Mk1,turrets,equipment,1,equipment missilelauncher turret,31469,34965,38462,turret_tel_m_guided_02_mk1_macro,
turret_tel_m_laser_01_mk1,TEL M Pulse Turret Mk1,turrets,equipment,1,equipment turret,14146,15718,17289,turret_tel_m_laser_01_mk1_macro,
turret_tel_m_laser_02_mk1,TEL M Pulse Turret Mk1,turrets,equipment,1,equipment turret,14146,15718,17289,turret_tel_m_laser_02_mk1_macro,
turret_tel_m_mining_01_mk1,TEL M Mining Turret Mk1,turrets,equipment,1,equipment turret,7493,8325,9158,turret_tel_m_mining_01_mk1_macro,
turret_tel_m_mining_02_mk1,TEL M Mining Turret Mk1,turrets,equipment,1,equipment turret,7493,8325,9158,turret_tel_m_mining_02_mk1_macro,
turret_tel_m_plasma_01_mk1,TEL M Plasma Turret Mk1,turrets,equipment,1,equipment turret,51608,57343,63077,turret_tel_m_plasma_01_mk1_macro,
turret_tel_m_plasma_02_mk1,TEL M Plasma Turret Mk1,turrets,equipment,1,equipment turret,51608,57343,63077,turret_tel_m_plasma_02_mk1_macro,
turret_tel_m_shotgun_01_mk1,TEL M Muon Blaster Turret Mk1,turrets,equipment,1,equipment turret,44116,49018,53919,turret_tel_m_shotgun_01_mk1_macro,
turret_tel_m_shotgun_02_mk1,TEL M Muon Blaster Turret Mk1,turrets,equipment,1,equipment turret,44116,49018,53919,turret_tel_m_shotgun_02_mk1_macro,
turret_xen_l_laser_01_mk1,XEN L Graviton Turret Mk1,turrets,equipment,1,equipment noplayerblueprint turret,61175,67972,74769,turret_xen_l_laser_01_mk1_macro,
turret_xen_l_plasma_01_mk1,XEN L Seismic Charge Turret Mk1,turrets,equipment,1,equipment turret,92643,102937,113231,turret_xen_l_plasma_01_mk1_macro,
turret_xen_m_beam_02_mk1,XEN M Positron Turret Mk1,turrets,equipment,1,equipment noplayerblueprint turret,22028,24476,26923,turret_xen_m_beam_02_mk1_macro,
turret_xen_m_gatling_01_mk1,XEN M Needler Turret Mk1,turrets,equipment,1,equipment turret,14853,16503,18154,turret_xen_m_gatling_01_mk1_macro,
turret_xen_m_gatling_02_mk1,XEN M Needler Turret Mk1,turrets,equipment,1,equipment turret,14853,16503,18154,turret_xen_m_gatling_02_mk1_macro,
turret_xen_m_laser_01_mk1,XEN M Impulse Turret Mk1,turrets,equipment,1,equipment noplayerblueprint turret,22720,25245,27769,turret_xen_m_laser_01_mk1_macro,
turret_xen_m_laser_02_mk1,XEN M Impulse Turret Mk1,turrets,equipment,1,equipment noplayerblueprint turret,22720,25245,27769,turret_xen_m_laser_02_mk1_macro,
water,Water,water,container,6,container economy stationbuilding,32,53,74,,
waypointmarker_01,Nav Beacon,,equipment,1,equipment navbeacon,1131,1330,1530,env_deco_nav_beacon_t1_macro,
weaponcomponents,Weapon Components,shiptech,container,20,container economy,171,285,399,,
weapon_arg_l_destroyer_01_mk1,ARG Behemoth Main Battery,weapons,equipment,1,equipment weapon,1254814,1394238,1533662,weapon_arg_l_destroyer_01_mk1_macro,
weapon_arg_m_ion_01_mk1,ARG M Ion Blaster Mk1,weapons,equipment,1,equipment weapon,33296,36996,40696,weapon_arg_m_ion_01_mk1_macro,
weapon_arg_m_ion_01_mk2,ARG M Ion Blaster Mk2,weapons,equipment,1,equipment weapon,253067,281185,309304,weapon_arg_m_ion_01_mk2_macro,
weapon_arg_s_ion_01_mk1,ARG S Ion Blaster Mk1,weapons,equipment,1,equipment weapon,22198,24664,27130,weapon_arg_s_ion_01_mk1_macro,
weapon_arg_s_ion_01_mk2,ARG S Ion Blaster Mk2,weapons,equipment,1,equipment weapon,168711,187457,206203,weapon_arg_s_ion_01_mk2_macro,
weapon_gen_mine_01,Mine,weapons,equipment,1,equipment mine,4843,5698,6552,weapon_gen_mine_01_macro,
weapon_gen_mine_02,Tracker Mine,weapons,equipment,1,equipment mine,9055,10653,12250,weapon_gen_mine_02_macro,
weapon_gen_mine_03,Friend/Foe Mine,weapons,equipment,1,equipment mine,17478,20563,23647,weapon_gen_mine_03_macro,
weapon_gen_m_beam_01_mk1,M Beam Emitter Mk1,weapons,equipment,1,equipment weapon,33296,36996,40696,weapon_gen_m_beam_01_mk1_macro,
weapon_gen_m_beam_01_mk2,M Beam Emitter Mk2,weapons,equipment,1,equipment weapon,253067,281185,309304,weapon_gen_m_beam_01_mk2_macro,
weapon_gen_m_dumbfire_01_mk1,M Dumbfire Launcher Mk1,weapons,equipment,1,deprecated,22558,25064,27571,weapon_gen_m_dumbfire_01_mk1_macro,
weapon_gen_m_dumbfire_01_mk2,M Dumbfire Launcher Mk2,weapons,equipment,1,deprecated,111753,124170,136587,weapon_gen_m_dumbfire_01_mk2_macro,
weapon_gen_m_dumbfire_02_mk1,M Dumbfire Launcher,weapons,equipment,1,equipment missilelauncher weapon,28097,31219,34341,weapon_gen_m_dumbfire_02_mk1_macro,
weapon_gen_m_gatling_01_mk1,M Bolt Repeater Mk1,weapons,equipment,1,equipment weapon,48281,53646,59011,weapon_gen_m_gatling_01_mk1_macro,
weapon_gen_m_gatling_01_mk2,M Bolt Repeater Mk2,weapons,equipment,1,equipment weapon,313007,347785,382564,weapon_gen_m_gatling_01_mk2_macro,
weapon_gen_m_guided_01_mk1,M Tracking Launcher Mk1,weapons,equipment,1,deprecated,44770,49745,54719,weapon_gen_m_guided_01_mk1_macro,
weapon_gen_m_guided_01_mk2,M Tracking Launcher Mk2,weapons,equipment,1,deprecated,222815,247572,272330,weapon_gen_m_guided_01_mk2_macro,
weapon_gen_m_guided_02_mk1,M Tracking Launcher,weapons,equipment,1,equipment missilelauncher weapon,42483,47203,51923,weapon_gen_m_guided_02_mk1_macro,
weapon_gen_m_laser_01_mk1,M Pulse Laser Mk1,weapons,equipment,1,equipment weapon,18311,20346,22381,weapon_gen_m_laser_01_mk1_macro,
weapon_gen_m_laser_01_mk2,M Pulse Laser Mk2,weapons,equipment,1,equipment weapon,120479,133866,147253,weapon_gen_m_laser_01_mk2_macro,
weapon_gen_m_mining_01_mk1,M Mining Drill Mk1,weapons,equipment,1,equipment weapon,11659,12954,14249,weapon_gen_m_mining_01_mk1_macro,
weapon_gen_m_mining_01_mk2,M Mining Drill Mk2,weapons,equipment,1,equipment weapon,26644,29604,32564,weapon_gen_m_mining_01_mk2_macro,
weapon_gen_m_plasma_01_mk1,M Plasma Cannon Mk1,weapons,equipment,1,equipment weapon,78251,86946,95641,weapon_gen_m_plasma_01_mk1_macro,
weapon_gen_m_plasma_01_mk2,M Plasma Cannon Mk2,weapons,equipment,1,equipment weapon,432887,480985,529084,weapon_gen_m_plasma_01_mk2_macro,
weapon_gen_m_shotgun_01_mk1,M Shard Battery Mk1,weapons,equipment,1,equipment weapon,63266,70296,77326,weapon_gen_m_shotgun_01_mk1_macro,
weapon_gen_m_shotgun_01_mk2,M Shard Battery Mk2,weapons,equipment,1,equipment weapon,372947,414385,455824,weapon_gen_m_shotgun_01_mk2_macro,
weapon_gen_m_torpedo_01_mk1,M Torpedo Launcher Mk1,weapons,equipment,1,deprecated,78039,86710,95381,weapon_gen_m_torpedo_01_mk1_macro,
weapon_gen_m_torpedo_01_mk2,M Torpedo Launcher Mk2,weapons,equipment,1,deprecated,389160,432400,475640,weapon_gen_m_torpedo_01_mk2_macro,
weapon_gen_m_torpedo_02_mk1,M Torpedo Launcher,weapons,equipment,1,equipment missilelauncher weapon,60690,67433,74176,weapon_gen_m_torpedo_02_mk1_macro,
weapon_gen_spacesuit_demolition_01_mk1,Bomb Launcher,weapons,inventory,1,disallowdrop equipment inventory noblueprint noplayerblueprint personalupgrade weapon,175000,200000,225000,spacesuit_gen_bomblauncher_01_macro,
weapon_gen_spacesuit_laser_01_mk1,Hand Laser,weapons,inventory,1,disallowdrop equipment inventory noblueprint noplayerblueprint personalupgrade weapon,45000,60000,75000,spacesuit_gen_laser_01_macro,
weapon_gen_spacesuit_laser_02_mk1,Personal Blaster,weapons,inventory,1,disallowdrop equipment inventory noblueprint noplayerblueprint personalupgrade weapon,80000,100000,120000,spacesuit_gen_laser_02_macro,
weapon_gen_spacesuit_repairlaser_01_mk1,Repair Laser,weapons,inventory,1,disallowdrop equipment inventory noblueprint noplayerblueprint personalupgrade weapon,800,1000,1200,spacesuit_gen_repairweapon_01_macro,
weapon_gen_s_beam_01_mk1,S Beam Emitter Mk1,weapons,equipment,1,equipment weapon,22198,24664,27130,weapon_gen_s_beam_01_mk1_macro,
weapon_gen_s_beam_01_mk2,S Beam Emitter Mk2,weapons,equipment,1,equipment weapon,168711,187457,206203,weapon_gen_s_beam_01_mk2_macro,
weapon_gen_s_burst_01_mk1,S Burst Ray Mk1,weapons,equipment,1,equipment weapon,62158,69064,75970,weapon_gen_s_burst_01_mk1_macro,
weapon_gen_s_burst_01_mk2,S Burst Ray Mk2,weapons,equipment,1,equipment weapon,288591,320657,352723,weapon_gen_s_burst_01_mk2_macro,
weapon_gen_s_cannon_01_mk1,S Blast Mortar Mk1,weapons,equipment,1,equipment weapon,62158,69064,75970,weapon_gen_s_cannon_01_mk1_macro,
weapon_gen_s_cannon_01_mk2,S Blast Mortar Mk2,weapons,equipment,1,equipment weapon,328551,365057,401563,weapon_gen_s_cannon_01_mk2_macro,
weapon_gen_s_dumbfire_01_mk1,S Dumbfire Launcher Mk1,weapons,equipment,1,deprecated,6695,7439,8183,weapon_gen_s_dumbfire_01_mk1_macro,
weapon_gen_s_dumbfire_01_mk2,S Dumbfire Launcher Mk2,weapons,equipment,1,deprecated,13370,14855,16341,weapon_gen_s_dumbfire_01_mk2_macro,
weapon_gen_s_dumbfire_02_mk1,S Dumbfire Launcher,weapons,equipment,1,equipment missilelauncher weapon,17982,19980,21978,weapon_gen_s_dumbfire_02_mk1_macro,
weapon_gen_s_gatling_01_mk1,S Bolt Repeater Mk1,weapons,equipment,1,equipment weapon,32188,35764,39340,weapon_gen_s_gatling_01_mk1_macro,
weapon_gen_s_gatling_01_mk2,S Bolt Repeater Mk2,weapons,equipment,1,equipment weapon,208671,231857,255043,weapon_gen_s_gatling_01_mk2_macro,
weapon_gen_s_guided_01_mk1,S Tracking Launcher Mk1,weapons,equipment,1,deprecated,8277,9197,10117,weapon_gen_s_guided_01_mk1_macro,
weapon_gen_s_guided_01_mk2,S Tracking Launcher Mk2,weapons,equipment,1,deprecated,40349,44832,49316,weapon_gen_s_guided_01_mk2_macro,
weapon_gen_s_guided_02_mk1,S Tracking Launcher,weapons,equipment,1,equipment missilelauncher weapon,26853,29837,32821,weapon_gen_s_guided_02_mk1_macro,
weapon_gen_s_laser_01_mk1,S Pulse Laser Mk1,weapons,equipment,1,equipment weapon,12208,13564,14920,weapon_gen_s_laser_01_mk1_macro,
weapon_gen_s_laser_01_mk2,S Pulse Laser Mk2,weapons,equipment,1,equipment weapon,80320,89244,98168,weapon_gen_s_laser_01_mk2_macro,
weapon_gen_s_mining_01_mk1,S Mining Drill Mk1,weapons,equipment,1,equipment weapon,7772,8636,9500,weapon_gen_s_mining_01_mk1_macro,
weapon_gen_s_mining_01_mk2,S Mining Drill Mk2,weapons,equipment,1,equipment weapon,17762,19736,21710,weapon_gen_s_mining_01_mk2_macro,
weapon_gen_s_plasma_01_mk1,S Plasma Cannon Mk1,weapons,equipment,1,equipment weapon,52168,57964,63760,weapon_gen_s_plasma_01_mk1_macro,
weapon_gen_s_plasma_01_mk2,S Plasma Cannon Mk2,weapons,equipment,1,equipment weapon,288591,320657,352723,weapon_gen_s_plasma_01_mk2_macro,
weapon_gen_s_shotgun_01_mk1,S Shard Battery Mk1,weapons,equipment,1,equipment weapon,42178,46864,51550,weapon_gen_s_shotgun_01_mk1_macro,
weapon_gen_s_shotgun_01_mk2,S Shard Battery Mk2,weapons,equipment,1,equipment weapon,248631,276257,303883,weapon_gen_s_shotgun_01_mk2_macro,
weapon_gen_s_torpedo_01_mk1,S Torpedo Launcher Mk1,weapons,equipment,1,deprecated,22558,25064,27571,weapon_gen_s_torpedo_01_mk1_macro,
weapon_gen_s_torpedo_01_mk2,S Torpedo Launcher Mk2,weapons,equipment,1,deprecated,111753,124170,136587,weapon_gen_s_torpedo_01_mk2_macro,
weapon_gen_s_torpedo_02_mk1,S Torpedo Launcher,weapons,equipment,1,equipment missilelauncher weapon,38362,42624,46886,weapon_gen_s_torpedo_02_mk1_macro,
weapon_kha_l_beam_01_mk1,KHA Ravager Main Battery,weapons,equipment,1,equipment noblueprint noplayerblueprint weapon,0,0,0,weapon_kha_l_beam_01_mk1_macro,
weapon_kha_m_laser_01_mk1,KHA M Kyon Emitter Mk1,weapons,equipment,1,equipment noblueprint noplayerblueprint weapon,0,0,0,weapon_kha_m_laser_01_mk1_macro,
weapon_kha_s_laser_01_mk1,KHA S Kyon Emitter Mk1,weapons,equipment,1,equipment noblueprint noplayerblueprint weapon,0,0,0,weapon_kha_s_laser_01_mk1_macro,
weapon_kha_xl_battleship_01_mk1,KHA Obliterator Main Battery,weapons,equipment,1,equipment noblueprint noplayerblueprint weapon,0,0,0,weapon_kha_xl_battleship_01_mk1_macro,
weapon_par_l_destroyer_01_mk1,PAR Odysseus Main Battery,weapons,equipment,1,equipment weapon,1104694,1227438,1350182,weapon_par_l_destroyer_01_mk1_macro,
weapon_par_m_railgun_01_mk1,PAR M Mass Driver Mk1,weapons,equipment,1,equipment weapon,108221,120246,132271,weapon_par_m_railgun_01_mk1_macro,
weapon_par_m_railgun_01_mk2,PAR M Mass Driver Mk2,weapons,equipment,1,equipment weapon,552767,614185,675604,weapon_par_m_railgun_01_mk2_macro,
weapon_par_s_railgun_01_mk1,PAR S Mass Driver Mk1,weapons,equipment,1,equipment weapon,114286,126984,139682,weapon_par_s_railgun_01_mk1_macro,
weapon_par_s_railgun_01_mk2,PAR S Mass Driver Mk2,weapons,equipment,1,equipment weapon,368511,409457,450403,weapon_par_s_railgun_01_mk2_macro,
weapon_tel_l_destroyer_01_mk1,TEL Phoenix Main Battery,weapons,equipment,1,equipment weapon,954844,1060938,1167032,weapon_tel_l_destroyer_01_mk1_macro,
weapon_tel_m_charge_01_mk1,TEL M Muon Disintegrator Mk1,weapons,equipment,1,equipment weapon,63266,70296,77326,weapon_tel_m_charge_01_mk1_macro,
weapon_tel_m_charge_01_mk2,TEL M Muon Disintegrator Mk2,weapons,equipment,1,equipment weapon,372947,414385,455824,weapon_tel_m_charge_01_mk2_macro,
weapon_tel_s_charge_01_mk1,TEL S Muon Disintegrator Mk1,weapons,equipment,1,equipment weapon,42178,46864,51550,weapon_tel_s_charge_01_mk1_macro,
weapon_tel_s_charge_01_mk2,TEL S Muon Disintegrator Mk2,weapons,equipment,1,equipment weapon,248631,276257,303883,weapon_tel_s_charge_01_mk2_macro,
weapon_xen_m_beam_01_mk1,XEN M Plasma Cutter Beam Mk1,weapons,equipment,1,equipment weapon,34961,38846,42731,weapon_xen_m_beam_01_mk1_macro,
weapon_xen_m_laser_01_mk1,XEN M Impulse Projector Mk1,weapons,equipment,1,equipment noplayerblueprint weapon,50696,56329,61962,weapon_xen_m_laser_01_mk1_macro,
weapon_xen_m_laser_02_mk1,XEN M Impulse Projector Mk1,weapons,equipment,1,equipment weapon,50696,56329,61962,weapon_xen_m_laser_02_mk1_macro,
weapon_xen_m_mining_01_mk1,XEN M Mining Drill Mk1,weapons,equipment,1,equipment noplayerblueprint weapon,12241,13601,14961,weapon_xen_m_mining_01_mk1_macro,
weapon_xen_m_mining_02_mk1,XEN M Mining Drill Mk1,weapons,equipment,1,equipment weapon,12241,13601,14961,weapon_xen_m_mining_02_mk1_macro,
weapon_xen_s_gatling_01_mk1,XEN S Needler Gun Mk1,weapons,equipment,1,equipment weapon,33797,37552,41307,weapon_xen_s_gatling_01_mk1_macro,
weapon_xen_s_laser_01_mk1,XEN S Impulse Projector Mk1,weapons,equipment,1,equipment noplayerblueprint weapon,23307,25897,28487,weapon_xen_s_laser_01_mk1_macro,
wheat,Wheat,agricultural,container,4,container economy,19,31,44,,
workunit_busy,Busy Workunit,,workunit,1,workunit,68,68,68,,
workunit_idle,Idle Workunit,,workunit,1,workunit,45,45,45,,
bofu,BoFu,food,container,4,container economy,61,101,142,,ego_dlc_boron
bogas,BoGas,refined,container,4,container economy,44,73,102,,ego_dlc_boron
engine_bor_l_travel_01_mk1,BOR L All-round Engine Mk1,engines,equipment,1,engine equipment,366089,411336,456583,engine_bor_l_travel_01_mk1_macro,ego_dlc_boron
engine_bor_m_allround_01_mk1,BOR M All-round Engine Mk1,engines,equipment,1,engine equipment,11650,13090,14530,engine_bor_m_allround_01_mk1_macro,ego_dlc_boron
engine_bor_m_allround_01_mk2,BOR M All-round Engine Mk2,engines,equipment,1,engine equipment,55219,62044,68869,engine_bor_m_allround_01_mk2_macro,ego_dlc_boron
engine_bor_m_allround_01_mk3,BOR M All-round Engine Mk3,engines,equipment,1,engine equipment,265845,298703,331560,engine_bor_m_allround_01_mk3_macro,ego_dlc_boron
engine_bor_s_allround_01_mk1,BOR S All-round Engine Mk1,engines,equipment,1,engine equipment,7912,8890,9868,engine_bor_s_allround_01_mk1_macro,ego_dlc_boron
engine_bor_s_allround_01_mk2,BOR S All-round Engine Mk2,engines,equipment,1,engine equipment,38480,43236,47992,engine_bor_s_allround_01_mk2_macro,ego_dlc_boron
engine_bor_s_allround_01_mk3,BOR S All-round Engine Mk3,engines,equipment,1,engine equipment,164472,184800,205129,engine_bor_s_allround_01_mk3_macro,ego_dlc_boron
engine_bor_xl_travel_01_mk1,BOR XL All-round Engine Mk1,engines,equipment,1,engine equipment,652752,725280,797808,engine_bor_xl_travel_01_mk1_macro,ego_dlc_boron
module_bor_build_dockarea_m_01,Boron S/M Ship Fabrication Bay,,container,1,module,94609703,111305533,128001363,buildmodule_bor_ships_m_dockarea_01_macro,ego_dlc_boron
module_bor_build_l_01,Boron L Ship Fabrication Bay,,container,1,module,198161899,233131646,268101393,buildmodule_bor_ships_l_macro,ego_dlc_boron
module_bor_build_xl_01,Boron XL Ship Fabrication Bay,,container,1,module,201558642,237127814,272696986,buildmodule_bor_ships_xl_macro,ego_dlc_boron
module_bor_conn_base_01,Boron Base Connection Structure 01,,container,1,module,83144,97817,112490,struct_bor_base_01_macro,ego_dlc_boron
module_bor_conn_base_02,Boron Base Connection Structure 02,,container,1,module,10600,119529,137458,struct_bor_base_02_macro,ego_dlc_boron
module_bor_conn_base_03,Boron Base Connection Structure 03,,container,1,module,108726,127913,147100,struct_bor_base_03_macro,ego_dlc_boron
module_bor_conn_base_04,Boron Base Connection Structure 04,,container,1,module,114908,135186,155464,struct_bor_base_04_macro,ego_dlc_boron
module_bor_conn_base_05,Boron Base Connection Structure 05,,container,1,module,126095,148347,170599,struct_bor_base_05_macro,ego_dlc_boron
module_bor_conn_cross_01,Boron Y Connection Structure 01,,container,1,module,71831,84507,97183,struct_bor_cross_01_macro,ego_dlc_boron
module_bor_conn_cross_02,Boron Hex Connection Structure 01,,container,1,module,89522,105320,121118,struct_bor_cross_02_macro,ego_dlc_boron
module_bor_conn_vertical_01,Boron Vertical Connection Structure 01,,container,1,module,59537,70044,80551,struct_bor_vertical_01_macro,ego_dlc_boron
module_bor_conn_vertical_02,Boron Vertical Connection Structure 02,,container,1,module,77977,91738,105499,struct_bor_vertical_02_macro,ego_dlc_boron
module_bor_def_claim_01,Boron Administrative Centre,,container,1,module,819421,964025,1108629,defence_bor_claim_01_macro,ego_dlc_boron
module_bor_def_disc_01,Boron Disc Defence Platform,,container,1,module,586455,689947,793439,defence_bor_disc_01_macro,ego_dlc_boron
module_bor_def_tube_01,Boron Bridge Defence Platform,,container,1,module,508960,598777,688594,defence_bor_tube_01_macro,ego_dlc_boron
module_bor_dock_m_01_standard,Boron 4M14S Luxury Dock Area,,container,1,module,497906,585772,673638,dockarea_bor_m_station_01_standard_macro,ego_dlc_boron
module_bor_equip_dockarea_m_01,Boron S/M Ship Maintenance Bay,,container,1,module,28659268,33716786,38774304,buildmodule_bor_equip_m_dockarea_01_macro,ego_dlc_boron
module_bor_equip_l_01,Boron L Ship Maintenance Bay,,container,1,module,52476005,61736477,70996949,buildmodule_bor_equip_l_macro,ego_dlc_boron
module_bor_equip_xl_01,Boron XL Ship Maintenance Bay,,container,1,module,54208622,63774850,73341077,buildmodule_bor_equip_xl_macro,ego_dlc_boron
module_bor_hab_l_01,Boron L Oasis,,container,1,module,18290485,21518218,24745951,hab_bor_l_01_macro,ego_dlc_boron
module_bor_hab_m_01,Boron M Oasis,,container,1,module,12929719,15211434,17493149,hab_bor_m_01_macro,ego_dlc_boron
module_bor_hab_s_01,Boron S Oasis,,container,1,module,8989883,10576333,12162783,hab_bor_s_01_macro,ego_dlc_boron
module_bor_pier_l_01,Boron 4-Dock T Pier,,container,1,module,3240789,3812693,4384597,pier_bor_harbor_01_macro,ego_dlc_boron
module_bor_pier_l_02,Boron 1-Dock Pier,,container,1,module,1871312,2201543,2531774,pier_bor_harbor_02_macro,ego_dlc_boron
module_bor_pier_l_03,Boron 3-Dock E Pier,,container,1,module,3738918,4398727,5058536,pier_bor_harbor_03_macro,ego_dlc_boron
module_bor_pier_l_04,Boron Trading Station 4-Dock Pier,,container,1,module,2633918,3098727,3563536,pier_bor_harbor_04_macro,ego_dlc_boron
module_bor_pier_tradestation_01,Boron Trading Station Hexa-Dock Pier,,container,1,module,4225512,4730030,5210498,pier_bor_tradestation_01_macro,ego_dlc_boron
module_bor_prod_bofu_01,BoFu Production,,container,1,module,1568474,1845263,2122053,prod_bor_bofu_macro,ego_dlc_boron
module_bor_prod_bogas_01,BoGas Production,,container,1,module,1484832,1746862,2008891,prod_bor_bogas_macro,ego_dlc_boron
module_bor_prod_medicalsupplies_01,Boron Medical Supply Production,,container,1,module,1345856,1583360,1820864,prod_bor_medicalsupplies_macro,ego_dlc_boron
module_bor_prod_plankton_01,Plankton Production,,container,1,module,921174,1083734,1246295,prod_bor_plankton_macro,ego_dlc_boron
module_bor_stor_container_l_01,Boron L Container Storage,,container,1,module,688054,809475,930896,storage_bor_l_container_01_macro,ego_dlc_boron
module_bor_stor_container_m_01,Boron M Container Storage,,container,1,module,490022,576497,662972,storage_bor_m_container_01_macro,ego_dlc_boron
module_bor_stor_container_s_01,Boron S Container Storage,,container,1,module,310446,365231,420016,storage_bor_s_container_01_macro,ego_dlc_boron
module_bor_stor_liquid_l_01,Boron L Liquid Storage,,container,1,module,688054,809475,930896,storage_bor_l_liquid_01_macro,ego_dlc_boron
module_bor_stor_liquid_m_01,Boron M Liquid Storage,,container,1,module,490022,576497,662972,storage_bor_m_liquid_01_macro,ego_dlc_boron
module_bor_stor_liquid_s_01,Boron S Liquid Storage,,container,1,module,310446,365231,420016,storage_bor_s_liquid_01_macro,ego_dlc_boron
module_bor_stor_solid_l_01,Boron L Solid Storage,,container,1,module,688054,809475,930896,storage_bor_l_solid_01_macro,ego_dlc_boron
module_bor_stor_solid_m_01,Boron M Solid Storage,,container,1,module,490022,576497,662972,storage_bor_m_solid_01_macro,ego_dlc_boron
module_bor_stor_solid_s_01,Boron S Solid Storage,,container,1,module,310446,365231,420016,storage_bor_s_solid_01_macro,ego_dlc_boron
plankton,Plankton,agricultural,container,1,container economy,11,18,25,,ego_dlc_boron
shield_bor_l_standard_01_mk1,BOR L Shield Generator Mk1,shields,equipment,1,equipment shield,41484,46612,51739,shield_bor_l_standard_01_mk1_macro,ego_dlc_boron
shield_bor_l_standard_01_mk2,BOR L Shield Generator Mk2,shields,equipment,1,equipment shield,209116,232351,255586,shield_bor_l_standard_01_mk2_macro,ego_dlc_boron
shield_bor_l_standard_01_mk3,BOR L Shield Generator Mk3,shields,equipment,1,equipment shield,1294936,1438818,1438818,shield_bor_l_standard_01_mk3_macro,ego_dlc_boron
shield_bor_m_standard_01_mk1,BOR M Shield Generator Mk1,shields,equipment,1,equipment shield,18190,20212,22233,shield_bor_m_standard_01_mk1_macro,ego_dlc_boron
shield_bor_m_standard_01_mk2,BOR M Shield Generator Mk2,shields,equipment,1,equipment shield,81076,90084,99092,shield_bor_m_standard_01_mk2_macro,ego_dlc_boron
shield_bor_m_standard_01_mk3,BOR M Shield Generator Mk3,shields,equipment,1,equipment shield,357737,397486,437234,shield_bor_m_standard_01_mk3_macro,ego_dlc_boron
shield_bor_m_standard_02_mk1,BOR M Shield Generator Mk1,shields,equipment,1,equipment shield,18190,20212,22233,shield_bor_m_standard_02_mk1_macro,ego_dlc_boron
shield_bor_m_standard_02_mk2,BOR M Shield Generator Mk2,shields,equipment,1,equipment shield,81076,90084,99092,shield_bor_m_standard_02_mk2_macro,ego_dlc_boron
shield_bor_m_standard_02_mk3,BOR M Shield Generator Mk3,shields,equipment,1,equipment shield,357737,397486,437234,shield_bor_m_standard_02_mk3_macro,ego_dlc_boron
shield_bor_s_standard_01_mk1,BOR S Shield Generator Mk1,shields,equipment,1,equipment shield,2261,2512,2763,shield_bor_s_standard_01_mk1_macro,ego_dlc_boron
shield_bor_s_standard_01_mk2,BOR S Shield Generator Mk2,shields,equipment,1,equipment shield,15883,17648,19413,shield_bor_s_standard_01_mk2_macro,ego_dlc_boron
shield_bor_s_standard_01_mk3,BOR S Shield Generator Mk3,shields,equipment,1,equipment shield,75245,83606,91967,shield_bor_s_standard_01_mk3_macro,ego_dlc_boron
shield_bor_xl_standard_01_mk1,BOR XL Shield Generator Mk1,shields,equipment,1,equipment shield,355439,394932,434425,shield_bor_xl_standard_01_mk1_macro,ego_dlc_boron
shield_bor_xl_standard_01_mk2,BOR XL Shield Generator Mk2,shields,equipment,1,equipment shield,2190623,2434026,2677429,shield_bor_xl_standard_01_mk2_macro,ego_dlc_boron
ship_bor_l_carrier_01_a,Guppy,,ship,1,ship,5405973,6513220,7620468,ship_bor_l_carrier_01_a_macro,ego_dlc_boron
ship_bor_l_destroyer_01_a,Ray,,ship,1,ship,7424456,8249396,9074336,ship_bor_l_destroyer_01_a_macro,ego_dlc_boron
ship_bor_l_miner_liquid_01_a,Rorqual (Gas),,ship,1,ship,1146506,1381332,1616159,ship_bor_l_miner_liquid_01_a_macro,ego_dlc_boron
ship_bor_l_miner_solid_01_a,Rorqual (Mineral),,ship,1,ship,1128579,1359733,1590888,ship_bor_l_miner_solid_01_a_macro,ego_dlc_boron
ship_bor_l_trans_container_01_a,Sturgeon,,ship,1,ship,3653390,4401675,5149960,ship_bor_l_trans_container_01_a_macro,ego_dlc_boron
ship_bor_m_corvette_01_a,Hydra,,ship,1,ship,1321790,1468656,1615522,ship_bor_m_corvette_01_a_macro,ego_dlc_boron
ship_bor_m_corvette_02_a,Hydra Regal,,ship,1,limited nocustomgamestart nodiplomacyblueprint ship,1461811,1624234,1786657,ship_bor_m_corvette_02_a_macro,ego_dlc_boron
ship_bor_m_gunboat_01_a,Thresher,,ship,1,ship,1127133,1252370,1377607,ship_bor_m_gunboat_01_a_macro,ego_dlc_boron
ship_bor_m_miner_liquid_01_a,Porpoise (Gas),,ship,1,ship,136612,164592,192573,ship_bor_m_miner_liquid_01_a_macro,ego_dlc_boron
ship_bor_m_miner_solid_01_a,Porpoise (Mineral),,ship,1,ship,12142835,172090,201346,ship_bor_m_miner_solid_01_a_macro,ego_dlc_boron
ship_bor_m_trans_container_01_a,Dolphin,,ship,1,ship,212164,255620,299075,ship_bor_m_trans_container_01_a_macro,ego_dlc_boron
ship_bor_s_fighter_01_a,Mako,,ship,1,ship,110527,133165,155803,ship_bor_s_fighter_01_a_macro,ego_dlc_boron
ship_bor_s_heavyfighter_01_a,Barracuda,,ship,1,ship,320625,356250,391875,ship_bor_s_heavyfighter_01_a_macro,ego_dlc_boron
ship_bor_s_miner_solid_01_a,Grouper (Mineral),,ship,1,ship,69490,83723,97955,ship_bor_s_miner_solid_01_a_macro,ego_dlc_boron
ship_bor_s_miner_solid_01_story,Grouper (Mineral),,ship,1,noblueprint noplayerblueprint,69490,83723,97955,ship_bor_s_miner_solid_01_story_macro,ego_dlc_boron
ship_bor_s_scout_01_a,Piranha,,ship,1,ship,85205,102657,120109,ship_bor_s_scout_01_a_macro,ego_dlc_boron
ship_bor_s_scout_02_a,Irukandji,,ship,1,ship,99353,119702,140052,ship_bor_s_scout_02_a_macro,ego_dlc_boron
ship_bor_s_trans_container_01_a,Terrapin,,ship,1,ship,164834,198595,232356,ship_bor_s_trans_container_01_a_macro,ego_dlc_boron
ship_bor_xl_builder_01_a,Walrus,,ship,1,ship,9921974,11954185,13986397,ship_bor_xl_builder_01_a_macro,ego_dlc_boron
ship_bor_xl_carrier_01_a,Shark,,ship,1,ship,22017749,24464165,26910582,ship_bor_xl_carrier_01_a_macro,ego_dlc_boron
ship_bor_xl_resupplier_01_a,Orca,,ship,1,ship,14605352,17596810,20588268,ship_bor_xl_resupplier_01_a_macro,ego_dlc_boron
turret_bor_l_disruptor_01_mk1,BOR L Kinetic Ion Railgun Mk1,weapons,equipment,1,equipment turret,130022,144469,158916,turret_bor_l_disruptor_01_mk1_macro,ego_dlc_boron
turret_bor_l_flak_01_mk1,BOR L Ion Flak Turret Mk1,weapons,equipment,1,equipment turret,127253,141392,155531,turret_bor_l_flak_01_mk1_macro,ego_dlc_boron
turret_bor_l_laser_01_mk1,BOR L Phase Turret Mk1,weapons,equipment,1,equipment turret,80571,89524,98476,turret_bor_l_laser_01_mk1_macro,ego_dlc_boron
turret_bor_l_mining_01_mk1,BOR L Mining Turret Mk1,weapons,equipment,1,equipment turret,16484,18315,20147,turret_bor_l_mining_01_mk1_macro,ego_dlc_boron
turret_bor_m_arc_01_mk1,BOR M Arc Turret Mk1,turrets,equipment,1,equipment turret,32044,35604,39165,turret_bor_m_arc_01_mk1_macro,ego_dlc_boron
turret_bor_m_arc_02_mk1,BOR M Arc Turret Mk1,turrets,equipment,1,equipment turret,32044,35604,39165,turret_bor_m_arc_02_mk1_macro,ego_dlc_boron
turret_bor_m_dumbfire_01_mk1,BOR M Dumbfire Turret Mk1,turrets,equipment,1,equipment missilelauncher turret,24725,27473,30220,turret_bor_m_dumbfire_01_mk1_macro,ego_dlc_boron
turret_bor_m_guided_01_mk1,BOR M Tracking Turret Mk1,turrets,equipment,1,equipment missilelauncher turret,34615,38462,42308,turret_bor_m_guided_01_mk1_macro,ego_dlc_boron
turret_bor_m_laser_01_mk1,BOR M Phase Turret Mk1,turrets,equipment,1,equipment turret,23802,26447,29092,turret_bor_m_laser_01_mk1_macro,ego_dlc_boron
turret_bor_m_laser_02_mk1,BOR M Phase Turret Mk1,turrets,equipment,1,equipment turret,23802,26447,29092,turret_bor_m_laser_02_mk1_macro,ego_dlc_boron
turret_bor_m_mining_01_mk1,BOR M Mining Turret Mk1,turrets,equipment,1,equipment turret,8242,9158,10073,turret_bor_m_mining_01_mk1_macro,ego_dlc_boron
turret_bor_m_mining_02_mk1,BOR M Mining Turret Mk1,turrets,equipment,1,equipment turret,8242,9158,10073,turret_bor_m_mining_02_mk1_macro,ego_dlc_boron
turret_bor_m_railgun_01_mk1,BOR M Ion Pulse Turret Mk1,turrets,equipment,1,equipment turret,48527,53919,59311,turret_bor_m_railgun_01_mk1_macro,ego_dlc_boron
turret_bor_m_railgun_02_mk1,BOR M Ion Pulse Turret Mk1,turrets,equipment,1,equipment turret,48527,53919,59311,turret_bor_m_railgun_02_mk1_macro,ego_dlc_boron
weapon_bor_l_beam_01_mk1,BOR Ray Ion Projector,weapons,equipment,1,equipment weapon,844022,937802,1031582,weapon_bor_l_beam_01_mk1_macro,ego_dlc_boron
weapon_bor_m_dumbfire_01_mk1,BOR M Dumbfire Launcher Mk1,weapons,equipment,1,deprecated,22558,25064,27571,weapon_bor_m_dumbfire_01_mk1_macro,ego_dlc_boron
weapon_bor_m_flak_01_mk1,BOR M Ion Atomiser Mk1,weapons,equipment,1,equipment weapon,152308,169231,186154,weapon_bor_m_flak_01_mk1_macro,ego_dlc_boron
weapon_bor_m_guided_01_mk1,BOR M Tracking Launcher Mk1,weapons,equipment,1,deprecated,44770,49745,54719,weapon_bor_m_guided_01_mk1_macro,ego_dlc_boron
weapon_bor_m_laser_01_mk1,BOR M Phase Cannon Mk1,weapons,equipment,1,equipment weapon,132527,147253,161978,weapon_bor_m_laser_01_mk1_macro,ego_dlc_boron
weapon_bor_m_mining_01_mk1,BOR M Mining Drill Mk1,weapons,equipment,1,equipment weapon,12824,14249,15674,weapon_bor_m_mining_01_mk1_macro,ego_dlc_boron
weapon_bor_m_railgun_01_mk1,BOR M Ion Pulse Railgun Mk1,weapons,equipment,1,equipment weapon,188572,209524,230476,weapon_bor_m_railgun_01_mk1_macro,ego_dlc_boron
weapon_bor_m_torpedo_01_mk1,BOR M Torpedo Launcher Mk1,weapons,equipment,1,deprecated,78039,86710,95381,weapon_bor_m_torpedo_01_mk1_macro,ego_dlc_boron
weapon_bor_s_arc_01_mk1,BOR S Arc Gun Mk1,weapons,equipment,1,equipment weapon,101538,112820,124102,weapon_bor_s_arc_01_mk1_macro,ego_dlc_boron
weapon_bor_s_dumbfire_01_mk1,BOR S Dumbfire Launcher Mk1,weapons,equipment,1,deprecated,6695,7439,8183,weapon_bor_s_dumbfire_01_mk1_macro,ego_dlc_boron
weapon_bor_s_gatling_01_mk1,BOR S Ion Gatling Mk1,weapons,equipment,1,equipment weapon,114725,127472,140220,weapon_bor_s_gatling_01_mk1_macro,ego_dlc_boron
weapon_bor_s_guided_01_mk1,BOR S Tracking Launcher Mk1,weapons,equipment,1,deprecated,8277,9197,10117,weapon_bor_s_guided_01_mk1_macro,ego_dlc_boron
weapon_bor_s_laser_01_mk1,BOR S Phase Gun Mk1,weapons,equipment,1,equipment weapon,88352,98168,107985,weapon_bor_s_laser_01_mk1_macro,ego_dlc_boron
weapon_bor_s_mining_01_mk1,BOR S Mining Drill Mk1,weapons,equipment,1,equipment weapon,8549,9499,10449,weapon_bor_s_mining_01_mk1_macro,ego_dlc_boron
weapon_bor_s_torpedo_01_mk1,BOR S Torpedo Launcher Mk1,weapons,equipment,1,deprecated,22558,25064,27571,weapon_bor_s_torpedo_01_mk1_macro,ego_dlc_boron
welfare_bor_artacademy_01,Pheromone Art Gallery,,container,1,missiononly module,4967013,5843545,6720077,welfare_bor_artacademy_01_macro,ego_dlc_boron
ship_par_l_expeditionary_01_a,Hyperion,,ship,1,hiddenwithoutlicence ship,2806214,3118015,3429817,ship_par_l_expeditionary_01_a_macro,ego_dlc_mini_01
weapon_par_l_expeditionary_01_mk1,PAR Hyperion Main Battery,weapons,equipment,1,equipment hiddenwithoutlicence weapon,954754,1060838,1166922,weapon_par_l_expeditionary_01_mk1_macro,ego_dlc_mini_01
engine_arg_m_corvette_01_mk1,ARG Envoy M Engine Mk1,engines,equipment,1,engine equipment hiddenwithoutlicence onlyownerbuild,203907,239890,275874,engine_arg_m_corvette_01_mk1_macro,ego_dlc_mini_02
engine_arg_m_corvette_01_mk2,ARG Envoy M Engine Mk2,engines,equipment,1,engine equipment hiddenwithoutlicence onlyownerbuild,489379,575740,662101,engine_arg_m_corvette_01_mk2_macro,ego_dlc_mini_02
engine_tel_m_corvette_01_mk1,TEL Envoy M Engine Mk1,engines,equipment,1,engine equipment hiddenwithoutlicence onlyownerbuild,171139,201340,231541,engine_tel_m_corvette_01_mk1_macro,ego_dlc_mini_02
engine_tel_m_corvette_01_mk2,TEL Envoy M Engine Mk2,engines,equipment,1,engine equipment hiddenwithoutlicence onlyownerbuild,410729,483210,555692,engine_tel_m_corvette_01_mk2_macro,ego_dlc_mini_02
research_ship_gen_m_corvette_02,Cypher,,research,1,nocustomgamestart research,1,1,1,,ego_dlc_mini_02
shield_gen_m_corvette_01_mk1,Envoy M Shield Generator,shields,equipment,1,equipment hiddenwithoutlicence onlyownerbuild shield,79218,88020,96822,shield_gen_m_corvette_01_mk1_macro,ego_dlc_mini_02
ship_gen_m_corvette_01,Envoy,,ship,1,hiddenwithoutlicence onlyownerbuild ship,1083822,1275085,1466348,ship_gen_m_corvette_01_macro,ego_dlc_mini_02
ship_gen_m_corvette_02,Cypher,,ship,1,hiddenwithoutlicence nocustomgamestart nodiplomacyblueprint ship,777444,914640,1051836,ship_gen_m_corvette_02_macro,ego_dlc_mini_02
turret_gen_m_disabler_01_mk1,TEL M Distortion Turret Mk1,turrets,equipment,1,equipment hiddenwithoutlicence onlyownerbuild turret,51608,57343,63077,turret_gen_m_disabler_01_mk1_macro,ego_dlc_mini_02
turret_gen_m_gatling_01_mk1,M Autocannon Turret Mk1,turrets,equipment,1,equipment turret,44116,49018,53919,turret_gen_m_gatling_01_mk1_macro,ego_dlc_mini_02
turret_gen_m_shieldpierce_01_mk1,ARG M Scalar Aperture Turret Mk1,turrets,equipment,1,equipment hiddenwithoutlicence onlyownerbuild turret,136516,151685,166853,turret_gen_m_shieldpierce_01_mk1_macro,ego_dlc_mini_02
weapon_gen_m_disabler_01_mk1,M Heavy Distortion Pulsor Mk1,weapons,equipment,1,equipment hiddenwithoutlicence onlyownerbuild weapon,372827,414252,455677,weapon_gen_m_disabler_01_mk1_macro,ego_dlc_mini_02
weapon_gen_m_shieldpierce_01_mk1,M Heavy Scalar Aperture Emitter Mk1,weapons,equipment,1,equipment hiddenwithoutlicence onlyownerbuild weapon,276384,307093,337802,weapon_gen_m_shieldpierce_01_mk1_macro,ego_dlc_mini_02
condensate,Protectyon,,condensate,10,condensate economy,22500,25000,27500,,ego_dlc_pirate
engine_gen_m_yacht_01_mk1,Astrid M Engine,engines,equipment,1,engine equipment,601290,707400,813510,engine_gen_m_yacht_01_mk1_macro,ego_dlc_pirate
engine_pir_xl_battleship_01_allround_01_mk1,Erlking XL Engine,engines,equipment,1,engine equipment,45773,53850,61928,engine_pir_xl_battleship_01_allround_01_mk1_macro,ego_dlc_pirate
inv_condensate_sample,Condensate Sample,,inventory,1,inventory missiononly,1,1,1,,ego_dlc_pirate
inv_research_blackbox,Research Black Box,,inventory,1,inventory missiononly,1,1,1,,ego_dlc_pirate
inv_securityapparatus,Security Apparatus,contraband,inventory,1,crafting inventory missiononly,38981,42837,46692,,ego_dlc_pirate
inv_securityapparatus_chip,Security Apparatus Chip,contraband,inventory,1,crafting inventory missiononly,3956,4347,4738,,ego_dlc_pirate
inv_wormwood_protocols,Woodworm Security Protocols,,inventory,1,inventory missiononly,25000,25000,25000,,ego_dlc_pirate
module_conn_lndm_piratestation_01_core_01,Drill Support Structure,,container,1,module noblueprint,405797,504549,603302,landmarks_gen_piratestation_01_core_01_macro,ego_dlc_pirate
module_conn_lndm_piratestation_01_exit_01,Drill Access Module,,container,1,module noblueprint,405797,504549,603302,landmarks_gen_piratestation_01_exit_01_macro,ego_dlc_pirate
module_def_lndm_piratestation_02_ring_01,Defence Array,,container,1,module noblueprint,4434000,5513386,6592772,landmarks_gen_piratestation_02_ring_01_macro,ego_dlc_pirate
module_gen_welfare_casino_01,Casino,,container,1,missiononly module,3311343,3895697,4480052,welfare_gen_casino_01_macro,ego_dlc_pirate
module_hab_lndm_piratestation_01_port_01,Dormitory Module,,container,1,module noblueprint,50244904,62479590,74714276,landmarks_gen_piratestation_01_port_01_macro,ego_dlc_pirate
module_hab_lndm_piratestation_02_port_01,Dormitory Module,,container,1,module noblueprint,50244904,62479590,74714276,landmarks_gen_piratestation_02_port_01_macro,ego_dlc_pirate
module_hab_lndm_piratestation_02_ring_02,Half-Ring Dormitory,,container,1,module noblueprint,50244904,62479590,74714276,landmarks_gen_piratestation_02_ring_02_macro,ego_dlc_pirate
module_pir_hab_l_01,Argon L Dormitory,,container,1,module,17721792,22037202,26352612,hab_pir_l_01_macro,ego_dlc_pirate
module_pir_hab_m_01,Argon M Dormitory,,container,1,module,12530160,15581052,18631944,hab_pir_m_01_macro,ego_dlc_pirate
module_pir_hab_s_01,Argon S Dormitory,,container,1,module,8689428,10804878,12920328,hab_pir_s_01_macro,ego_dlc_pirate
module_pir_stor_condensate_l_01,Protectyon Shield Generator,,container,1,module,1433988,1790186,2146384,storage_pir_l_condensate_01_macro,ego_dlc_pirate
module_pir_stor_condensate_s_01,Condensate Containment Facility,,container,1,missiononly module nocustomgamestart nodiplomacyblueprint,454298,567097,679896,storage_pir_s_condensate_01_macro,ego_dlc_pirate
module_stor_lndm_piratestation_01_ring_01,Storage Ring,,container,1,module noblueprint,1534842,1908590,2282338,landmarks_gen_piratestation_01_ring_01_macro,ego_dlc_pirate
module_stor_lndm_piratestation_02_storage_01,Storage Arm,,container,1,module noblueprint,1534842,1908590,2282338,landmarks_gen_piratestation_02_storage_01_macro,ego_dlc_pirate
module_stor_lndm_piratestation_02_storage_02,Storage Arm,,container,1,module noblueprint,1534842,1908590,2282338,landmarks_gen_piratestation_02_storage_02_macro,ego_dlc_pirate
research_condensate_sample,Condensate Sample,,research,1,nocustomgamestart research,1,1,1,,ego_dlc_pirate
research_condensate_sample_pre,Condensate Sample Prerequisite,,research,1,missiononly research,1,1,1,,ego_dlc_pirate
research_erlking_core,Erlking Power Core,,research,1,research,1,1,1,,ego_dlc_pirate
research_module_welfare_2,Welfare Module - Casino,,research,1,research,1,1,1,,ego_dlc_pirate
research_module_welfare_2_pre,Investigate leisure habits.,,research,1,hidden missiononly research,1,1,1,,ego_dlc_pirate
shield_gen_m_yacht_01_mk1,Astrid M Shield Generator,shields,equipment,1,equipment shield,67288,74765,82241,shield_gen_m_yacht_01_mk1_macro,ego_dlc_pirate
shield_pir_xl_battleship_01_standard_01_mk1,Erlking XL Shield Generator,shields,equipment,1,equipment shield,108086,120096,132106,shield_pir_xl_battleship_01_standard_01_mk1_macro,ego_dlc_pirate
ship_gen_m_yacht_01_a,Astrid,,ship,1,limited nocustomgamestart nodiplomacyblueprint ship,1844500,2170000,2495500,ship_gen_m_yacht_01_a_macro,ego_dlc_pirate
ship_pir_l_miner_solid_01_a,Donia,,ship,1,ship,1090800,1564470,2038140,ship_pir_l_miner_solid_01_a_macro,ego_dlc_pirate
ship_pir_l_scavenger_01_a,Barbarossa,,ship,1,ship,5382530,7714025,10045520,ship_pir_l_scavenger_01_a_macro,ego_dlc_pirate
ship_pir_l_scavenger_01_a_storyhighcapacity,Barbarossa,,ship,1,noblueprint noplayerblueprint,3909363,4599250,5289138,ship_pir_l_scavenger_01_a_storyhighcapacity_macro,ego_dlc_pirate
ship_pir_l_scrapper_01,Teuta,,ship,1,ship,3013480,4322065,5630650,ship_pir_l_scrapper_01_macro,ego_dlc_pirate
ship_pir_s_fighter_01_a,Kyd,,ship,1,ship,36250,53080,69910,ship_pir_s_fighter_01_a_macro,ego_dlc_pirate
ship_pir_s_fighter_02_a,Lux,,ship,1,ship,122070,175140,228210,ship_pir_s_fighter_02_a_macro,ego_dlc_pirate
ship_pir_s_heavyfighter_01_a,Shih,,ship,1,ship,191310,274485,357660,ship_pir_s_heavyfighter_01_a_macro,ego_dlc_pirate
ship_pir_s_trans_condensate_01_a,Raleigh (Condensate),,ship,1,ship,151870,217900,283930,ship_pir_s_trans_condensate_01_a_macro,ego_dlc_pirate
ship_pir_s_trans_container_01_a,Raleigh (Container),,ship,1,ship,142180,203995,265810,ship_pir_s_trans_container_01_a_macro,ego_dlc_pirate
ship_pir_xl_battleship_01_a,Erlking,,ship,1,nocustomgamestart ship,10407890,14920415,19432940,ship_pir_xl_battleship_01_a_macro,ego_dlc_pirate
ship_pir_xl_builder_01,Gannascus,,ship,1,ship,8001560,11470775,14939990,ship_pir_xl_builder_01_macro,ego_dlc_pirate
turret_gen_m_yacht_01_mk1,Astrid M Turret,weapons,equipment,1,equipment turret,29131,32368,35604,turret_gen_m_yacht_01_mk1_macro,ego_dlc_pirate
turret_pir_l_battleship_01_laser_01_mk1,Erlking L Turret,turrets,equipment,1,equipment turret,103217,114685,126154,turret_pir_l_battleship_01_laser_01_mk1_macro,ego_dlc_pirate
turret_pir_m_battleship_01_gatling_02_mk1,Erlking M Turret,turrets,equipment,1,equipment turret,51608,57343,63077,turret_pir_m_battleship_01_gatling_02_mk1_macro,ego_dlc_pirate
weapon_gen_m_yacht_01_mk1,Astrid Primary Weapon,weapons,equipment,1,equipment weapon,48281,53646,59011,weapon_gen_m_yacht_01_mk1_macro,ego_dlc_pirate
weapon_pir_xl_battleship_01_mk1,Erlking Main Battery,weapons,equipment,1,equipment weapon,1044754,1160838,1276922,weapon_pir_xl_battleship_01_mk1_macro,ego_dlc_pirate
cheltmeat,Chelt Meat,agricultural,container,7,container economy,31,51,72,,ego_dlc_split
engine_spl_l_allround_01_mk1,SPL L All-round Engine Mk1,engines,equipment,1,engine equipment,258153,368448,480054,engine_spl_l_allround_01_mk1_macro,ego_dlc_split
engine_spl_l_travel_01_mk1,SPL L Travel Engine Mk1,engines,equipment,1,engine equipment,266600,380897,496641,engine_spl_l_travel_01_mk1_macro,ego_dlc_split
engine_spl_m_allround_01_mk1,SPL M All-round Engine Mk1,engines,equipment,1,engine equipment,8721,12654,16644,engine_spl_m_allround_01_mk1_macro,ego_dlc_split
engine_spl_m_allround_01_mk2,SPL M All-round Engine Mk2,engines,equipment,1,engine equipment,43115,61948,81054,engine_spl_m_allround_01_mk2_macro,ego_dlc_split
engine_spl_m_allround_01_mk3,SPL M All-round Engine Mk3,engines,equipment,1,engine equipment,210854,301234,392833,engine_spl_m_allround_01_mk3_macro,ego_dlc_split
engine_spl_m_combat_01_mk1,SPL M Combat Engine Mk1,engines,equipment,1,engine equipment,10078,14695,19374,engine_spl_m_combat_01_mk1_macro,ego_dlc_split
engine_spl_m_combat_01_mk2,SPL M Combat Engine Mk2,engines,equipment,1,engine equipment,51756,74180,96917,engine_spl_m_combat_01_mk2_macro,ego_dlc_split
engine_spl_m_combat_01_mk3,SPL M Combat Engine Mk3,engines,equipment,1,engine equipment,253468,362360,472712,engine_spl_m_combat_01_mk3_macro,ego_dlc_split
engine_spl_m_combat_01_mk4,SPL M Combat Engine Mk4,engines,equipment,1,engine equipment,1267862,1811825,2363619,engine_spl_m_combat_01_mk4_macro,ego_dlc_split
engine_spl_m_travel_01_mk1,SPL M Travel Engine Mk1,engines,equipment,1,engine equipment,9348,13657,18023,engine_spl_m_travel_01_mk1_macro,ego_dlc_split
engine_spl_m_travel_01_mk2,SPL M Travel Engine Mk2,engines,equipment,1,engine equipment,48165,69084,90288,engine_spl_m_travel_01_mk2_macro,ego_dlc_split
engine_spl_m_travel_01_mk3,SPL M Travel Engine Mk3,engines,equipment,1,engine equipment,243287,347073,452449,engine_spl_m_travel_01_mk3_macro,ego_dlc_split
engine_spl_s_allround_01_mk1,SPL S All-round Engine Mk1,engines,equipment,1,engine equipment,3443,5119,6812,engine_spl_s_allround_01_mk1_macro,ego_dlc_split
engine_spl_s_allround_01_mk2,SPL S All-round Engine Mk2,engines,equipment,1,engine equipment,19551,28340,37244,engine_spl_s_allround_01_mk2_macro,ego_dlc_split
engine_spl_s_allround_01_mk3,SPL S All-round Engine Mk3,engines,equipment,1,engine equipment,91360,131077,171342,engine_spl_s_allround_01_mk3_macro,ego_dlc_split
engine_spl_s_combat_01_mk1,SPL S Combat Engine Mk1,engines,equipment,1,engine equipment,4902,7193,9513,engine_spl_s_combat_01_mk1_macro,ego_dlc_split
engine_spl_s_combat_01_mk2,SPL S Combat Engine Mk2,engines,equipment,1,engine equipment,29617,42659,55883,engine_spl_s_combat_01_mk2_macro,ego_dlc_split
engine_spl_s_combat_01_mk3,SPL S Combat Engine Mk3,engines,equipment,1,engine equipment,134474,192227,250800,engine_spl_s_combat_01_mk3_macro,ego_dlc_split
engine_spl_s_combat_01_mk4,SPL S Combat Engine Mk4,engines,equipment,1,engine equipment,672885,961168,1254040,engine_spl_s_combat_01_mk4_macro,ego_dlc_split
engine_spl_s_travel_01_mk1,SPL S Travel Engine Mk1,engines,equipment,1,engine equipment,4172,6156,8162,engine_spl_s_travel_01_mk1_macro,ego_dlc_split
engine_spl_s_travel_01_mk2,SPL S Travel Engine Mk2,engines,equipment,1,engine equipment,25342,36583,47977,engine_spl_s_travel_01_mk2_macro,ego_dlc_split
engine_spl_s_travel_01_mk3,SPL S Travel Engine Mk3,engines,equipment,1,engine equipment,123724,176882,230850,engine_spl_s_travel_01_mk3_macro,ego_dlc_split
engine_spl_xl_allround_01_mk1,SPL XL All-round Engine Mk1,engines,equipment,1,engine equipment,340974,486335,633834,engine_spl_xl_allround_01_mk1_macro,ego_dlc_split
engine_spl_xl_travel_01_mk1,SPL XL Travel Engine Mk1,engines,equipment,1,engine equipment,352716,503356,656275,engine_spl_xl_travel_01_mk1_macro,ego_dlc_split
missile_disruptor_light_mk1,Light Disruptor Missile Mk1,missiles,equipment,1,deprecated,1387,1632,1877,missile_disruptor_light_mk1_macro,ego_dlc_split
missile_gen_s_disruptor_01_mk1,Light Disruptor Missile,missiles,equipment,1,equipment missile,866,1018,1171,missile_gen_s_disruptor_01_mk1_macro,ego_dlc_split
missile_gen_s_interceptor_01_mk1,Light Interceptor Missile,missiles,equipment,1,equipment missile,1877,2209,2540,missile_gen_s_interceptor_01_mk1_macro,ego_dlc_split
missile_interceptor_light_mk1,Light Interceptor Missile Mk1,missiles,equipment,1,deprecated,1267,1490,1714,missile_interceptor_light_mk1_macro,ego_dlc_split
missile_scatter_heavy_mk1,Heavy Scatter Missile Mk1,missiles,equipment,1,deprecated,1078,1268,1458,missile_scatter_heavy_mk1_macro,ego_dlc_split
missile_starburst_heavy_mk1,Heavy Starburst Missile Mk1,missiles,equipment,1,deprecated,1700,2000,2300,missile_starburst_heavy_mk1_macro,ego_dlc_split
module_spl_conn_base_01,Split Base Connection Structure 01,,container,1,module,92363,108662,124961,struct_spl_base_01_macro,ego_dlc_split
module_spl_conn_base_02,Split Base Connection Structure 02,,container,1,module,75585,88924,102263,struct_spl_base_02_macro,ego_dlc_split
module_spl_conn_base_03,Split Base Connection Structure 03,,container,1,module,98841,116284,133727,struct_spl_base_03_macro,ego_dlc_split
module_spl_conn_cross_01,Split Y Connection Structure 01,,container,1,module,65300,76824,88348,struct_spl_cross_01_macro,ego_dlc_split
module_spl_conn_vertical_01,Split Vertical Connection Structure 01,,container,1,module,54125,63676,73227,struct_spl_vertical_01_macro,ego_dlc_split
module_spl_conn_vertical_02,Split Vertical Connection Structure 02,,container,1,module,70888,83398,95908,struct_spl_vertical_02_macro,ego_dlc_split
module_spl_def_claim_01,Split Administrative Centre,,container,1,module,750516,882960,1015404,defence_spl_claim_01_macro,ego_dlc_split
module_spl_def_disc_01,Split Disc Defence Platform,,container,1,module,570940,671694,772448,defence_spl_disc_01_macro,ego_dlc_split
module_spl_def_tube_01,Split Bridge Defence Platform,,container,1,module,570940,671694,772448,defence_spl_tube_01_macro,ego_dlc_split
module_spl_hab_l_01,Split L Parlour,,container,1,module,16627714,19562016,22496318,hab_spl_l_01_macro,ego_dlc_split
module_spl_hab_m_01,Split M Parlour,,container,1,module,11754290,13828576,15902862,hab_spl_m_01_macro,ego_dlc_split
module_spl_hab_s_01,Split S Parlour,,container,1,module,8172621,9614848,11057075,hab_spl_s_01_macro,ego_dlc_split
module_spl_pier_l_01,Split 4-Dock T Pier,,container,1,module,2946171,3466084,3985997,pier_spl_harbor_01_macro,ego_dlc_split
module_spl_pier_l_02,Split 1-Dock Pier,,container,1,module,1701192,2001402,2301612,pier_spl_harbor_02_macro,ego_dlc_split
module_spl_pier_l_03,Split 3-Dock E Pier,,container,1,module,3399016,3998842,4598668,pier_spl_harbor_03_macro,ego_dlc_split
module_spl_prod_cheltmeat_01,Chelt Production,,container,1,module,698188,821398,944608,prod_spl_cheltmeat_macro,ego_dlc_split
module_spl_prod_medicalsupplies_01,Split Medical Supply Production,,container,1,module,1223505,1439418,1655331,prod_spl_medicalsupplies_macro,ego_dlc_split
module_spl_prod_scruffinfruits_01,Scruffin Production,,container,1,module,829662,976073,1122484,prod_spl_scruffinfruit_macro,ego_dlc_split
module_spl_stor_container_l_01,Split L Container Storage,,container,1,module,734191,863754,993317,storage_spl_l_container_01_macro,ego_dlc_split
module_spl_stor_container_m_01,Split M Container Storage,,container,1,module,489314,575664,662014,storage_spl_m_container_01_macro,ego_dlc_split
module_spl_stor_container_s_01,Split S Container Storage,,container,1,module,331199,389646,448093,storage_spl_s_container_01_macro,ego_dlc_split
module_spl_stor_liquid_l_01,Split L Liquid Storage,,container,1,module,734191,863754,993317,storage_spl_l_liquid_01_macro,ego_dlc_split
module_spl_stor_liquid_m_01,Split M Liquid Storage,,container,1,module,489314,575664,662014,storage_spl_m_liquid_01_macro,ego_dlc_split
module_spl_stor_liquid_s_01,Split S Liquid Storage,,container,1,module,331199,389646,448093,storage_spl_s_liquid_01_macro,ego_dlc_split
module_spl_stor_solid_l_01,Split L Solid Storage,,container,1,module,734191,863754,993317,storage_spl_l_solid_01_macro,ego_dlc_split
module_spl_stor_solid_m_01,Split M Solid Storage,,container,1,module,489314,575664,662014,storage_spl_m_solid_01_macro,ego_dlc_split
module_spl_stor_solid_s_01,Split S Solid Storage,,container,1,module,331199,389646,448093,storage_spl_s_solid_01_macro,ego_dlc_split
scruffinfruits,Scruffin Fruit,agricultural,container,6,container economy,17,28,40,,ego_dlc_split
shield_spl_l_standard_01_mk1,SPL L Shield Generator Mk1,shields,equipment,1,equipment shield,41287,45874,50461,shield_spl_l_standard_01_mk1_macro,ego_dlc_split
shield_spl_l_standard_01_mk2,SPL L Shield Generator Mk2,shields,equipment,1,equipment shield,203477,226085,248694,shield_spl_l_standard_01_mk2_macro,ego_dlc_split
shield_spl_m_standard_01_mk1,SPL M Shield Generator Mk1,shields,equipment,1,equipment shield,15365,17072,18780,shield_spl_m_standard_01_mk1_macro,ego_dlc_split
shield_spl_m_standard_01_mk2,SPL M Shield Generator Mk2,shields,equipment,1,equipment shield,70942,78824,86707,shield_spl_m_standard_01_mk2_macro,ego_dlc_split
shield_spl_m_standard_02_mk1,SPL M Shield Generator Mk1,shields,equipment,1,equipment shield,1536515365,17072,18780,shield_spl_m_standard_02_mk1_macro,ego_dlc_split
shield_spl_m_standard_02_mk2,SPL M Shield Generator Mk2,shields,equipment,1,equipment shield,70942,78824,86707,shield_spl_m_standard_02_mk2_macro,ego_dlc_split
shield_spl_s_standard_01_mk1,SPL S Shield Generator Mk1,shields,equipment,1,equipment shield,1375,1528,1681,shield_spl_s_standard_01_mk1_macro,ego_dlc_split
shield_spl_s_standard_01_mk2,SPL S Shield Generator Mk2,shields,equipment,1,equipment shield,9932,11035,12139,shield_spl_s_standard_01_mk2_macro,ego_dlc_split
shield_spl_s_standard_01_mk3,SPL S Shield Generator Mk3,shields,equipment,1,equipment shield,46949,52166,57383,shield_spl_s_standard_01_mk3_macro,ego_dlc_split
shield_spl_xl_standard_01_mk1,SPL XL Shield Generator Mk1,shields,equipment,1,equipment shield,214598,238442,262286,shield_spl_xl_standard_01_mk1_macro,ego_dlc_split
ship_spl_l_destroyer_01_a,Rattlesnake,,ship,1,ship,13761711,15290790,16819869,ship_spl_l_destroyer_01_a_macro,ego_dlc_split
ship_spl_l_miner_liquid_01_a,Wyvern (Gas),,ship,1,ship,1368742,1610285,1851828,ship_spl_l_miner_liquid_01_a_macro,ego_dlc_split
ship_spl_l_miner_solid_01_a,Wyvern (Mineral),,ship,1,ship,1368742,1610285,1851828,ship_spl_l_miner_solid_01_a_macro,ego_dlc_split
ship_spl_l_trans_container_01_a,Buffalo,,ship,1,ship,2497746,2938525,3379304,ship_spl_l_trans_container_01_a_macro,ego_dlc_split
ship_spl_m_corvette_01_a,Dragon,,ship,1,ship,1056903,1243415,1429927,ship_spl_m_corvette_01_a_macro,ego_dlc_split
ship_spl_m_corvette_01_b,Dragon Raider,,ship,1,ship,628375,739265,850155,ship_spl_m_corvette_01_b_macro,ego_dlc_split
ship_spl_m_frigate_01_a,Cobra,,ship,1,ship,1846659,2172540,2498421,ship_spl_m_frigate_01_a_macro,ego_dlc_split
ship_spl_m_miner_liquid_01_a,Alligator (Gas),,ship,1,ship,180770,212670,244571,ship_spl_m_miner_liquid_01_a_macro,ego_dlc_split
ship_spl_m_miner_solid_01_a,Alligator (Mineral),,ship,1,ship,200855,236300,271745,ship_spl_m_miner_solid_01_a_macro,ego_dlc_split
ship_spl_m_trans_container_01_a,Boa,,ship,1,ship,317679,373740,429801,ship_spl_m_trans_container_01_a_macro,ego_dlc_split
ship_spl_s_fighter_01_a,Mamba,,ship,1,ship,165266,194430,223595,ship_spl_s_fighter_01_a_macro,ego_dlc_split
ship_spl_s_fighter_02_a,Asp,,ship,1,ship,216984,255275,293566,ship_spl_s_fighter_02_a_macro,ego_dlc_split
ship_spl_s_fighter_02_b,Asp Raider,,ship,1,ship,105349,123940,142531,ship_spl_s_fighter_02_b_macro,ego_dlc_split
ship_spl_s_heavyfighter_01_a,Chimera,,ship,1,ship,315429,350477,385525,ship_spl_s_heavyfighter_01_a_macro,ego_dlc_split
ship_spl_s_heavyfighter_02_a,Balaur,,ship,1,ship,317480,352755,388031,ship_spl_s_heavyfighter_02_a_macro,ego_dlc_split
ship_spl_s_miner_solid_01_a,Tuatara (Mineral),,ship,1,ship,108970,128200,147430,ship_spl_s_miner_solid_01_a_macro,ego_dlc_split
ship_spl_s_scout_01_a,Jaguar,,ship,1,ship,124410,146365,168320,ship_spl_s_scout_01_a_macro,ego_dlc_split
ship_spl_s_trans_container_01_a,Tuatara,,ship,1,ship,210630,247800,284970,ship_spl_s_trans_container_01_a_macro,ego_dlc_split
ship_spl_xl_builder_01_a,Elephant,,ship,1,ship,10219542,12022990,13826439,ship_spl_xl_builder_01_a_macro,ego_dlc_split
ship_spl_xl_carrier_01_a,Raptor,,ship,1,nocustomgamestart ship,27714314,32605075,37495836,ship_spl_xl_carrier_01_a_macro,ego_dlc_split
ship_spl_xl_resupplier_01_a,Monitor,,ship,1,ship,14646486,17231160,19815834,ship_spl_xl_resupplier_01_a_macro,ego_dlc_split
ship_spl_xs_police_01_a,Split Station Security Vessel,drones,equipment,1,drone equipment noplayerblueprint,7999,9410,10822,ship_spl_xs_police_01_a_macro,ego_dlc_split
turret_spl_l_beam_01_mk1,SPL L Boson Lance Turret Mk1,turrets,equipment,1,equipment turret,139846,155384,170923,turret_spl_l_beam_01_mk1_macro,ego_dlc_split
turret_spl_l_dumbfire_01_mk1,SPL L Dumbfire Turret Mk1,turrets,equipment,1,equipment missilelauncher turret,47203,52448,57692,turret_spl_l_dumbfire_01_mk1_macro,ego_dlc_split
turret_spl_l_guided_01_mk1,SPL L Tracking Turret Mk1,turrets,equipment,1,equipment missilelauncher turret,66084,73427,80769,turret_spl_l_guided_01_mk1_macro,ego_dlc_split
turret_spl_l_laser_01_mk1,SPL L Pulse Turret Mk1,turrets,equipment,1,equipment turret,29706,33007,36308,turret_spl_l_laser_01_mk1_macro,ego_dlc_split
turret_spl_l_mining_01_mk1,SPL L Mining Turret Mk1,turrets,equipment,1,equipment turret,15734,17483,19231,turret_spl_l_mining_01_mk1_macro,ego_dlc_split
turret_spl_l_plasma_01_mk1,SPL L Plasma Turret Mk1,turrets,equipment,1,equipment turret,108378,120419,132461,turret_spl_l_plasma_01_mk1_macro,ego_dlc_split
turret_spl_m_beam_01_mk1,SPL M Boson Lance Turret Mk1,turrets,equipment,1,equipment turret,69923,77692,85461,turret_spl_m_beam_01_mk1_macro,ego_dlc_split
turret_spl_m_beam_02_mk1,SPL M Boson Lance Turret Mk1,turrets,equipment,1,equipment turret,69923,77692,85461,turret_spl_m_beam_02_mk1_macro,ego_dlc_split
turret_spl_m_dumbfire_01_mk1,SPL M Dumbfire Turret Mk1,turrets,equipment,1,missilelauncher noplayerblueprint turret,23601,26224,28846,turret_spl_m_dumbfire_01_mk1_macro,ego_dlc_split
turret_spl_m_dumbfire_02_mk1,SPL M Dumbfire Turret Mk1,turrets,equipment,1,equipment missilelauncher turret,23601,26224,28846,turret_spl_m_dumbfire_02_mk1_macro,ego_dlc_split
turret_spl_m_flak_01_mk1,SPL M Flak Turret Mk1,turrets,equipment,1,equipment turret,41023,65305,89587,turret_spl_m_flak_01_mk1_macro,ego_dlc_split
turret_spl_m_flak_02_mk1,SPL M Flak Turret Mk1,turrets,equipment,1,equipment turret,41023,65305,89587,turret_spl_m_flak_02_mk1_macro,ego_dlc_split
turret_spl_m_gatling_01_mk1,SPL M Neutron Gatling Turret Mk1,turrets,equipment,1,equipment turret,46322,51468,56615,turret_spl_m_gatling_01_mk1_macro,ego_dlc_split
turret_spl_m_gatling_02_mk1,SPL M Neutron Gatling Turret Mk1,turrets,equipment,1,equipment turret,46322,51468,56615,turret_spl_m_gatling_02_mk1_macro,ego_dlc_split
turret_spl_m_guided_01_mk1,SPL M Tracking Turret Mk1,turrets,equipment,1,missilelauncher noplayerblueprint turret,33042,36713,40385,turret_spl_m_guided_01_mk1_macro,ego_dlc_split
turret_spl_m_guided_02_mk1,SPL M Tracking Turret Mk1,turrets,equipment,1,equipment missilelauncher turret,33042,36713,40385,turret_spl_m_guided_02_mk1_macro,ego_dlc_split
turret_spl_m_laser_01_mk1,SPL M Pulse Turret Mk1,turrets,equipment,1,equipment turret,14853,16503,18154,turret_spl_m_laser_01_mk1_macro,ego_dlc_split
turret_spl_m_laser_02_mk1,SPL M Pulse Turret Mk1,turrets,equipment,1,equipment turret,14853,16503,18154,turret_spl_m_laser_02_mk1_macro,ego_dlc_split
turret_spl_m_mining_01_mk1,SPL M Mining Turret Mk1,turrets,equipment,1,equipment turret,7867,8741,9615,turret_spl_m_mining_01_mk1_macro,ego_dlc_split
turret_spl_m_mining_02_mk1,SPL M Mining Turret Mk1,turrets,equipment,1,equipment turret,7867,8741,9615,turret_spl_m_mining_02_mk1_macro,ego_dlc_split
turret_spl_m_plasma_01_mk1,SPL M Plasma Turret Mk1,turrets,equipment,1,equipment turret,54189,60210,66231,turret_spl_m_plasma_01_mk1_macro,ego_dlc_split
turret_spl_m_plasma_02_mk1,SPL M Plasma Turret Mk1,turrets,equipment,1,equipment turret,54189,60210,66231,turret_spl_m_plasma_02_mk1_macro,ego_dlc_split
turret_spl_m_shotgun_01_mk1,SPL M Tau Accelerator Turret Mk1,turrets,equipment,1,equipment turret,38455,42727,47000,turret_spl_m_shotgun_01_mk1_macro,ego_dlc_split
turret_spl_m_shotgun_02_mk1,SPL M Tau Accelerator Turret Mk1,turrets,equipment,1,equipment turret,38455,42727,47000,turret_spl_m_shotgun_02_mk1_macro,ego_dlc_split
weapon_spl_l_destroyer_01_mk1,SPL Rattlesnake Main Battery,weapons,equipment,1,equipment weapon,1335524,1483915,1632307,weapon_spl_l_destroyer_01_mk1_macro,ego_dlc_split
weapon_spl_m_gatling_01_mk1,SPL M Neutron Gatling Mk1,,equipment,1,equipment weapon,66430,73811,81192,weapon_spl_m_gatling_01_mk1_macro,ego_dlc_split
weapon_spl_m_gatling_01_mk2,SPL M Neutron Gatling Mk2,,equipment,1,equipment weapon,391594,435104,478614,weapon_spl_m_gatling_01_mk2_macro,ego_dlc_split
weapon_spl_m_railgun_01_mk1,SPL M Boson Lance Mk1,,equipment,1,equipment weapon,113633,126259,138885,weapon_spl_m_railgun_01_mk1_macro,ego_dlc_split
weapon_spl_m_railgun_01_mk2,SPL M Boson Lance Mk2,,equipment,1,equipment weapon,580405,644894,709383,weapon_spl_m_railgun_01_mk2_macro,ego_dlc_split
weapon_spl_m_shotgun_01_mk1,SPL M Tau Accelerator Mk1,,equipment,1,equipment weapon,19228,21364,23500,weapon_spl_m_shotgun_01_mk1_macro,ego_dlc_split
weapon_spl_m_shotgun_01_mk2,SPL M Tau Accelerator Mk2,,equipment,1,equipment weapon,126503,140559,154615,weapon_spl_m_shotgun_01_mk2_macro,ego_dlc_split
weapon_spl_m_sticky_01_mk1,SPL M Thermal Disintegrator Mk1,,equipment,1,equipment weapon,34961,38846,42731,weapon_spl_m_sticky_01_mk1_macro,ego_dlc_split
weapon_spl_m_sticky_01_mk2,SPL M Thermal Disintegrator Mk2,,equipment,1,equipment weapon,265720,295244,324768,weapon_spl_m_sticky_01_mk2_macro,ego_dlc_split
weapon_spl_s_gatling_01_mk1,SPL S Neutron Gatling Mk1,,equipment,1,equipment weapon,44286,49207,54128,weapon_spl_s_gatling_01_mk1_macro,ego_dlc_split
weapon_spl_s_gatling_01_mk2,SPL S Neutron Gatling Mk2,,equipment,1,equipment weapon,261063,290070,319077,weapon_spl_s_gatling_01_mk2_macro,ego_dlc_split
weapon_spl_s_railgun_01_mk1,SPL S Boson Lance Mk1,,equipment,1,equipment weapon,120000,133333,146666,weapon_spl_s_railgun_01_mk1_macro,ego_dlc_split
weapon_spl_s_railgun_01_mk2,SPL S Boson Lance Mk2,,equipment,1,equipment weapon,386937,429930,472923,weapon_spl_s_railgun_01_mk2_macro,ego_dlc_split
weapon_spl_s_shotgun_01_mk1,SPL S Tau Accelerator Mk1,,equipment,1,equipment weapon,12818,14242,15666,weapon_spl_s_shotgun_01_mk1_macro,ego_dlc_split
weapon_spl_s_shotgun_01_mk2,SPL S Tau Accelerator Mk2,,equipment,1,equipment weapon,84336,93706,103077,weapon_spl_s_shotgun_01_mk2_macro,ego_dlc_split
weapon_spl_s_sticky_01_mk1,SPL S Thermal Disintegrator Mk1,,equipment,1,equipment weapon,23307,25897,28487,weapon_spl_s_sticky_01_mk1_macro,ego_dlc_split
weapon_spl_s_sticky_01_mk2,SPL S Thermal Disintegrator Mk2,,equipment,1,equipment weapon,177147,196830,216513,weapon_spl_s_sticky_01_mk2_macro,ego_dlc_split
computronicsubstrate,Computronic Substrate,hightech,container,50,container economy stationbuilding,7452,8280,9108,,ego_dlc_terran
engine_spacesuit_weak,Disrupted Engine,engines,inventory,1,disallowdrop engine equipment inventory noblueprint nocustomgamestart noplayerblueprint personalupgrade,800,1000,1200,engine_spacesuit_weak_macro,ego_dlc_terran
engine_ter_l_allround_01_mk1,TER L All-round Engine Mk1,,equipment,1,engine equipment,771689,857432,943176,engine_ter_l_allround_01_mk1_macro,ego_dlc_terran
engine_ter_l_travel_01_mk1,TER L Travel Engine Mk1,,equipment,1,engine equipment,737388,819320,901252,engine_ter_l_travel_01_mk1_macro,ego_dlc_terran
engine_ter_m_allround_01_mk1,TER M All-round Engine Mk1,,equipment,1,engine equipment,28267,31408,34549,engine_ter_m_allround_01_mk1_macro,ego_dlc_terran
engine_ter_m_allround_01_mk2,TER M All-round Engine Mk2,,equipment,1,engine equipment,139704,155227,170749,engine_ter_m_allround_01_mk2_macro,ego_dlc_terran
engine_ter_m_allround_01_mk3,TER M All-round Engine Mk3,,equipment,1,engine equipment,690560,767289,844018,engine_ter_m_allround_01_mk3_macro,ego_dlc_terran
engine_ter_m_combat_01_mk1,TER M Combat Engine Mk1,,equipment,1,engine equipment,34485,38317,42148,engine_ter_m_combat_01_mk1_macro,ego_dlc_terran
engine_ter_m_combat_01_mk2,TER M Combat Engine Mk2,,equipment,1,engine equipment,167398,185997,204597,engine_ter_m_combat_01_mk2_macro,ego_dlc_terran
engine_ter_m_combat_01_mk3,TER M Combat Engine Mk3,,equipment,1,engine equipment,829153,921282,1013410,engine_ter_m_combat_01_mk3_macro,ego_dlc_terran
engine_ter_m_travel_01_mk1,TER M Travel Engine Mk1,,equipment,1,engine equipment,31430,34922,38414,engine_ter_m_travel_01_mk1_macro,ego_dlc_terran
engine_ter_m_travel_01_mk2,TER M Travel Engine Mk2,,equipment,1,engine equipment,156588,173987,191385,engine_ter_m_travel_01_mk2_macro,ego_dlc_terran
engine_ter_m_travel_01_mk3,TER M Travel Engine Mk3,,equipment,1,engine equipment,794455,882728,971001,engine_ter_m_travel_01_mk3_macro,ego_dlc_terran
engine_ter_s_allround_01_mk1,TER S All-round Engine Mk1,,equipment,1,engine equipment,13317,14797,16276,engine_ter_s_allround_01_mk1_macro,ego_dlc_terran
engine_ter_s_allround_01_mk2,TER S All-round Engine Mk2,,equipment,1,engine equipment,63316,70351,77386,engine_ter_s_allround_01_mk2_macro,ego_dlc_terran
engine_ter_s_allround_01_mk3,TER S All-round Engine Mk3,,equipment,1,engine equipment,296011,328901,361791,engine_ter_s_allround_01_mk3_macro,ego_dlc_terran
engine_ter_s_combat_01_mk1,TER S Combat Engine Mk1,,equipment,1,engine equipment,19535,21705,23876,engine_ter_s_combat_01_mk1_macro,ego_dlc_terran
engine_ter_s_combat_01_mk2,TER S Combat Engine Mk2,,equipment,1,engine equipment,97264,108071,118878,engine_ter_s_combat_01_mk2_macro,ego_dlc_terran
engine_ter_s_combat_01_mk3,TER S Combat Engine Mk3,,equipment,1,engine equipment,434460,482734,531007,engine_ter_s_combat_01_mk3_macro,ego_dlc_terran
engine_ter_s_travel_01_mk1,TER S Travel Engine Mk1,,equipment,1,engine equipment,16372,18192,20011,engine_ter_s_travel_01_mk1_macro,ego_dlc_terran
engine_ter_s_travel_01_mk2,TER S Travel Engine Mk2,,equipment,1,engine equipment,83399,92665,101932,engine_ter_s_travel_01_mk2_macro,ego_dlc_terran
engine_ter_s_travel_01_mk3,TER S Travel Engine Mk3,,equipment,1,engine equipment,399906,444340,488774,engine_ter_s_travel_01_mk3_macro,ego_dlc_terran
engine_ter_xl_allround_01_mk1,TER XL All-round Engine Mk1,,equipment,1,engine equipment,987251,1096945,1206640,engine_ter_xl_allround_01_mk1_macro,ego_dlc_terran
engine_ter_xl_travel_01_mk1,TER XL Travel Engine Mk1,,equipment,1,engine equipment,908354,1009282,1110210,engine_ter_xl_travel_01_mk1_macro,ego_dlc_terran
metallicmicrolattice,Metallic Microlattice,hightech,container,1,container economy stationbuilding,42,50,57,,ego_dlc_terran
module_ter_build_dockarea_m_01,Terran S/M Ship Fabrication Bay,,container,1,module,92680858,109036303,125391749,buildmodule_ter_ships_m_dockarea_01_macro,ego_dlc_terran
module_ter_build_l_01,Terran L Ship Fabrication Bay,,container,1,module,223501475,262942912,302384349,buildmodule_ter_ships_l_macro,ego_dlc_terran
module_ter_build_xl_01,Terran XL Ship Fabrication Bay,,container,1,module,227108570,267186553,307264536,buildmodule_ter_ships_xl_macro,ego_dlc_terran
module_ter_conn_base_01,Terran Base Connection Structure 01,,container,1,module,61609,72482,83354,struct_ter_base_01_macro,ego_dlc_terran
module_ter_conn_base_02,Terran Base Connection Structure 02,,container,1,module,85802,100944,116086,struct_ter_base_02_macro,ego_dlc_terran
module_ter_conn_base_03,Terran Base Connection Structure 03,,container,1,module,110087,129515,148942,struct_ter_base_03_macro,ego_dlc_terran
module_ter_conn_cross_01,Terran Cross Connection Structure 01,,container,1,module,110087,129515,148942,struct_ter_cross_01_macro,ego_dlc_terran
module_ter_conn_vertical_01,Terran Vertical Connection Structure 01,,container,1,module,61609,72482,83354,struct_ter_vertical_01_macro,ego_dlc_terran
module_ter_conn_vertical_02,Terran Vertical Connection Structure 02,,container,1,module,85802,100944,116086,struct_ter_vertical_02_macro,ego_dlc_terran
module_ter_def_claim_01,Terran Administrative Centre,,container,1,module,1731191,2036696,2342200,defence_ter_claim_01_macro,ego_dlc_terran
module_ter_def_disc_01,Terran Disc Defence Platform,,container,1,module,1231845,1449230,1666614,defence_ter_disc_01_macro,ego_dlc_terran
module_ter_def_tube_01,Terran Bridge Defence Platform,,container,1,module,866932,1019921,1172909,defence_ter_tube_01_macro,ego_dlc_terran
module_ter_dock_m_01_hightech,Terran 4M10S Luxury Dock Area,,container,1,module,238867,281021,323174,dockarea_ter_m_station_01_hightech_macro,ego_dlc_terran
module_ter_equip_dockarea_m_01,Terran S/M Ship Maintenance Bay,,container,1,module,32174490,37852341,43530192,buildmodule_ter_equip_m_dockarea_01_macro,ego_dlc_terran
module_ter_equip_l_01,Terran L Ship Maintenance Bay,,container,1,module,57725113,67911898,78098683,buildmodule_ter_equip_l_macro,ego_dlc_terran
module_ter_equip_xl_01,Terran XL Ship Maintenance Bay,,container,1,module,59755291,70300342,80845393,buildmodule_ter_equip_xl_macro,ego_dlc_terran
module_ter_hab_l_01,Terran L Living Quarters,,container,1,module,12310693,14483168,16655643,hab_ter_l_01_macro,ego_dlc_terran
module_ter_hab_m_01,Terran M Living Quarters,,container,1,module,8759787,10305632,11851477,hab_ter_m_01_macro,ego_dlc_terran
module_ter_hab_s_01,Terran S Living Quarters,,container,1,module,6164853,7252768,8340683,hab_ter_s_01_macro,ego_dlc_terran
module_ter_pier_01,Terran 3-Dock T Pier,,container,1,module,3159110,3716600,4274089,pier_ter_harbor_01_macro,ego_dlc_terran
module_ter_pier_02,Terran 1-Dock Pier,,container,1,module,1835686,2159631,2483576,pier_ter_harbor_02_macro,ego_dlc_terran
module_ter_pier_03,Terran 3-Dock E Pier,,container,1,module,3655537,4300632,4945727,pier_ter_harbor_03_macro,ego_dlc_terran
module_ter_pier_04,Terran 4-Dock T Pier,,container,1,module,1835686,2159631,2483576,pier_ter_harbor_04_macro,ego_dlc_terran
module_ter_pier_tradestation_01,Terran Trading Station Hexa-Dock Pier,,container,1,module,2297462,2702896,3108330,pier_ter_tradestation_01_macro,ego_dlc_terran
module_ter_prod_computronicsubstrate_01,Computronic Substrate Production,,container,1,module,4220074,4964793,5709512,prod_ter_computronicsubstrate_macro,ego_dlc_terran
module_ter_prod_energycells_01,Terran Energy Cell Production,,container,1,module,409886,471369,542074,prod_ter_energycells_macro,ego_dlc_terran
module_ter_prod_medicalsupplies_01,Terran Medical Supply Production,,container,1,module,301266,354431,407596,prod_ter_medicalsupplies_macro,ego_dlc_terran
module_ter_prod_metallicmicrolattice_01,Metallic Microlattice Production,,container,1,module,106659,125481,144303,prod_ter_metallicmicrolattice_macro,ego_dlc_terran
module_ter_prod_proteinpaste_01,Protein Paste Production,,container,1,module,1292921,1521084,1749247,prod_ter_proteinpaste_macro,ego_dlc_terran
module_ter_prod_scrap_recycler,Terran Scrap Recycler,,container,1,module,1719675,1915898,2112168,prod_ter_scrap_recycler_macro,ego_dlc_terran
module_ter_prod_siliconcarbide_01,Silicon Carbide Production,,container,1,module,709162,834308,959454,prod_ter_siliconcarbide_macro,ego_dlc_terran
module_ter_prod_stimulants_01,Stimulant Production,,container,1,module,2484701,2923177,3361653,prod_ter_stimulants_macro,ego_dlc_terran
module_ter_prod_terranmre_01,Terran MRE Production,,container,1,module,533265,627371,721477,prod_ter_mre_macro,ego_dlc_terran
module_ter_stor_container_l_01,Terran L Container Storage,,container,1,module,778303,915651,1052999,storage_ter_l_container_01_macro,ego_dlc_terran
module_ter_stor_container_m_01,Terran M Container Storage,,container,1,module,520713,612603,704493,storage_ter_m_container_01_macro,ego_dlc_terran
module_ter_stor_container_m_tradestation,Terran M Trading Station Container Storage,,container,1,module noplayerblueprint,307765,362076,416387,storage_ter_m_container_tradestation_01_macro,ego_dlc_terran
module_ter_stor_container_s_01,Terran S Container Storage,,container,1,module,303273,356792,410310,storage_ter_s_container_01_macro,ego_dlc_terran
module_ter_stor_liquid_l_01,Terran L Liquid Storage,,container,1,module,778303,915651,1052999,storage_ter_l_liquid_01_macro,ego_dlc_terran
module_ter_stor_liquid_m_01,Terran M Liquid Storage,,container,1,module,520713,612603,704493,storage_ter_m_liquid_01_macro,ego_dlc_terran
module_ter_stor_liquid_s_01,Terran S Liquid Storage,,container,1,module,303273,356792,410310,storage_ter_s_liquid_01_macro,ego_dlc_terran
module_ter_stor_liquid_s_tradestation,Terran S Trading Station Liquid Storage,,container,1,module noplayerblueprint,220648,259586,298524,storage_ter_s_liquid_tradestation_01_macro,ego_dlc_terran
module_ter_stor_solid_l_01,Terran L Solid Storage,,container,1,module,778303,915651,1052999,storage_ter_l_solid_01_macro,ego_dlc_terran
module_ter_stor_solid_m_01,Terran M Solid Storage,,container,1,module,520713,612603,704493,storage_ter_m_solid_01_macro,ego_dlc_terran
module_ter_stor_solid_s_01,Terran S Solid Storage,,container,1,module,303273,356792,410310,storage_ter_s_solid_01_macro,ego_dlc_terran
proteinpaste,Protein Paste,agricultural,container,4,container economy,57,96,134,,ego_dlc_terran
research_tf_tech,Terraformer Tech,,research,1,missiononly research,1,1,1,,ego_dlc_terran
shield_ter_l_standard_01_mk1,TER L Shield Generator Mk1,shields,equipment,1,equipment shield,101271,112523,123775,shield_ter_l_standard_01_mk1_macro,ego_dlc_terran
shield_ter_l_standard_01_mk2,TER L Shield Generator Mk2,shields,equipment,1,equipment shield,394916,438795,482675,shield_ter_l_standard_01_mk2_macro,ego_dlc_terran
shield_ter_l_standard_01_mk3,TER L Shield Generator Mk3,shields,equipment,1,equipment shield,1014959,1127732,1240505,shield_ter_l_standard_01_mk3_macro,ego_dlc_terran
shield_ter_m_standard_01_mk1,TER M Shield Generator Mk1,shields,equipment,1,equipment shield,37023,41137,45251,shield_ter_m_standard_01_mk1_macro,ego_dlc_terran
shield_ter_m_standard_01_mk2,TER M Shield Generator Mk2,shields,equipment,1,equipment shield,166466,184962,203458,shield_ter_m_standard_01_mk2_macro,ego_dlc_terran
shield_ter_m_standard_01_mk3,TER M Shield Generator Mk3,shields,equipment,1,equipment shield,727294,808104,888914,shield_ter_m_standard_01_mk3_macro,ego_dlc_terran
shield_ter_m_standard_02_mk1,TER M Shield Generator Mk1,shields,equipment,1,equipment shield,37023,41137,45251,shield_ter_m_standard_02_mk1_macro,ego_dlc_terran
shield_ter_m_standard_02_mk2,TER M Shield Generator Mk2,shields,equipment,1,equipment shield,165048,183387,201726,shield_ter_m_standard_02_mk2_macro,ego_dlc_terran
shield_ter_m_standard_02_mk3,TER M Shield Generator Mk3,shields,equipment,1,equipment shield,727294,808104,888914,shield_ter_m_standard_02_mk3_macro,ego_dlc_terran
shield_ter_s_standard_01_mk1,TER S Shield Generator Mk1,shields,equipment,1,equipment shield,3014,3349,3684,shield_ter_s_standard_01_mk1_macro,ego_dlc_terran
shield_ter_s_standard_01_mk2,TER S Shield Generator Mk2,shields,equipment,1,equipment shield,24519,27243,29967,shield_ter_s_standard_01_mk2_macro,ego_dlc_terran
shield_ter_s_standard_01_mk3,TER S Shield Generator Mk3,shields,equipment,1,equipment shield,119812,133124,146436,shield_ter_s_standard_01_mk3_macro,ego_dlc_terran
shield_ter_xl_standard_01_mk1,TER XL Shield Generator Mk1,shields,equipment,1,equipment shield,460454,511615,562777,shield_ter_xl_standard_01_mk1_macro,ego_dlc_terran
shield_ter_xl_standard_01_mk2,TER XL Shield Generator Mk2,shields,equipment,1,equipment shield,2657264,2952515,3247767,shield_ter_xl_standard_01_mk2_macro,ego_dlc_terran
ship_atf_l_destroyer_01_a,Syn,,ship,1,blueprintsaleonly nocustomgamestart nodiplomacyblueprint ship,11541582,12823980,14106378,ship_atf_l_destroyer_01_a_macro,ego_dlc_terran
ship_atf_xl_battleship_01_a,Asgard,,ship,1,blueprintsaleonly nocustomgamestart nodiplomacyblueprint ship,22252932,26179920,30106908,ship_atf_xl_battleship_01_a_macro,ego_dlc_terran
ship_gen_m_transdrone_container_02_a,Medium Terraforming Drone,drones,ship,1,noplayerbuild ship,39610,46600,53590,ship_gen_m_transdrone_container_02_a_macro,ego_dlc_terran
ship_gen_s_transdrone_container_02_a,Small Terraforming Drone,drones,ship,1,noplayerbuild ship,19805,23300,26795,ship_gen_s_transdrone_container_02_a_macro,ego_dlc_terran
ship_ter_l_destroyer_01_a,Osaka,,ship,1,ship,7410483,8233870,9057257,ship_ter_l_destroyer_01_a_macro,ego_dlc_terran
ship_ter_l_miner_liquid_01_a,Hokkaido (Gas),,ship,1,ship,2426113,2854250,3282388,ship_ter_l_miner_liquid_01_a_macro,ego_dlc_terran
ship_ter_l_miner_solid_01_a,Hokkaido (Mineral),,ship,1,ship,2426113,2854250,3282388,ship_ter_l_miner_solid_01_a_macro,ego_dlc_terran
ship_ter_l_research_01_a,Okinawa Research,,ship,1,noblueprint noplayerblueprint,3909363,4599250,5289138,ship_ter_l_research_01_a_macro,ego_dlc_terran
ship_ter_l_trans_container_01_a,Okinawa,,ship,1,ship,3801353,4472180,5143007,ship_ter_l_trans_container_01_a_macro,ego_dlc_terran
ship_ter_m_corvette_01_a,Katana,,ship,1,ship,1499009,1763540,2028071,ship_ter_m_corvette_01_a_macro,ego_dlc_terran
ship_ter_m_frigate_01_a,Falx,,ship,1,ship,2391781,2813860,3235939,ship_ter_m_frigate_01_a_macro,ego_dlc_terran
ship_ter_m_gunboat_01_a,Jian,,ship,1,ship,1789217,2057600,2366240,ship_ter_m_gunboat_01_a_macro,ego_dlc_terran
ship_ter_m_miner_liquid_01_a,Bolo (Gas),,ship,1,ship,330429,388740,447051,ship_ter_m_miner_liquid_01_a_macro,ego_dlc_terran
ship_ter_m_miner_solid_01_a,Bolo (Mineral),,ship,1,ship,330429,388740,447051,ship_ter_m_miner_solid_01_a_macro,ego_dlc_terran
ship_ter_m_trans_container_01_a,Baldric,,ship,1,ship,624206,734360,844514,ship_ter_m_trans_container_01_a_macro,ego_dlc_terran
ship_ter_s_fighter_01_a,Kukri,,ship,1,ship,294816,327573,360330,ship_ter_s_fighter_01_a_macro,ego_dlc_terran
ship_ter_s_fighter_02_a,Kalis,,ship,1,ship,291338,342750,394163,ship_ter_s_fighter_02_a_macro,ego_dlc_terran
ship_ter_s_fighter_03_a,Takoba,,ship,1,ship,291686,343160,394634,ship_ter_s_fighter_03_a_macro,ego_dlc_terran
ship_ter_s_heavyfighter_01_a,Gladius,,ship,1,ship,400180,470800,541420,ship_ter_s_heavyfighter_01_a_macro,ego_dlc_terran
ship_ter_s_miner_solid_01_a,Kopis (Mineral),,ship,1,ship,145427,171090,196754,ship_ter_s_miner_solid_01_a_macro,ego_dlc_terran
ship_ter_s_scout_01_a,Rapier,,ship,1,ship,181730,213800,245870,ship_ter_s_scout_01_a_macro,ego_dlc_terran
ship_ter_s_scout_02_a,Nimcha,,ship,1,ship,298043,342750,394163,ship_ter_s_scout_02_a_macro,ego_dlc_terran
ship_ter_s_trans_container_01_a,Frog,,ship,1,ship,254686,299630,344575,ship_ter_s_trans_container_01_a_macro,ego_dlc_terran
ship_ter_xl_builder_01_a,Kyushu,,ship,1,ship,17974517,21146490,24318464,ship_ter_xl_builder_01_a_macro,ego_dlc_terran
ship_ter_xl_carrier_01_a,Tokyo,,ship,1,ship,19698188,21886875,24075563,ship_ter_xl_carrier_01_a_macro,ego_dlc_terran
ship_ter_xl_resupplier_01_a,Honshu,,ship,1,ship,22324290,26263870,30203451,ship_ter_xl_resupplier_01_a_macro,ego_dlc_terran
ship_ter_xs_police_01_a,Terran Station Security Vessel,drones,equipment,1,drone equipment noplayerblueprint,24676,27418,30160,ship_ter_xs_police_01_a_macro,ego_dlc_terran
ship_yak_m_corvette_01_a,Kuraokami,,ship,1,nocustomgamestart ship,836421,984025,1131629,ship_yak_m_corvette_01_a_macro,ego_dlc_terran
ship_yak_s_fighter_01_a,Moreya,,ship,1,nocustomgamestart ship,228803,269180,309557,ship_yak_s_fighter_01_a_macro,ego_dlc_terran
siliconcarbide,Silicon Carbide,hightech,container,20,container economy stationbuilding,1202,1414,1627,,ego_dlc_terran
stimulants,Stimulants,pharmaceutical,container,12,container economy,153,340,527,,ego_dlc_terran
terranmre,Terran MRE,food,container,2,container economy,32,54,75,,ego_dlc_terran
turret_ter_l_beam_01_mk1,TER L Meson Stream Turret Mk1,turrets,equipment,1,equipment turret,326313,362570,398827,turret_ter_l_beam_01_mk1_macro,ego_dlc_terran
turret_ter_l_dumbfire_01_mk1,TER L Dumbfire Turret Mk1,turrets,equipment,1,equipment missilelauncher turret,89910,99900,109890,turret_ter_l_dumbfire_01_mk1_macro,ego_dlc_terran
turret_ter_l_gatling_01_mk1,TER L Proton Barrage Turret Mk1,turrets,equipment,1,equipment turret,176463,196070,215677,turret_ter_l_gatling_01_mk1_macro,ego_dlc_terran
turret_ter_l_guided_01_mk1,TER L Tracking Turret Mk1,turrets,equipment,1,equipment missilelauncher turret,125874,139860,153846,turret_ter_l_guided_01_mk1_macro,ego_dlc_terran
turret_ter_l_laser_01_mk1,TER L Pulse Turret Mk1,turrets,equipment,1,equipment turret,86553,96170,105787,turret_ter_l_laser_01_mk1_macro,ego_dlc_terran
turret_ter_l_mining_01_mk1,TER L Mining Turret Mk1,turrets,equipment,1,equipment turret,29970,33300,36630,turret_ter_l_mining_01_mk1_macro,ego_dlc_terran
turret_ter_m_beam_01_mk1,TER M Meson Stream Turret Mk1,turrets,equipment,1,equipment turret,163157,181285,199414,turret_ter_m_beam_01_mk1_macro,ego_dlc_terran
turret_ter_m_beam_02_mk1,TER M Meson Stream Turret Mk1,turrets,equipment,1,equipment turret,163157,181285,199414,turret_ter_m_beam_02_mk1_macro,ego_dlc_terran
turret_ter_m_dumbfire_01_mk1,TER M Dumbfire Turret Mk1,turrets,equipment,1,missilelauncher noplayerblueprint turret,44955,49950,54945,turret_ter_m_dumbfire_01_mk1_macro,ego_dlc_terran
turret_ter_m_dumbfire_02_mk1,TER M Dumbfire Turret Mk1,turrets,equipment,1,equipment missilelauncher turret,44955,49950,54945,turret_ter_m_dumbfire_02_mk1_macro,ego_dlc_terran
turret_ter_m_gatling_01_mk1,TER M Proton Barrage Turret Mk1,turrets,equipment,1,equipment turret,88232,98035,107839,turret_ter_m_gatling_01_mk1_macro,ego_dlc_terran
turret_ter_m_gatling_02_mk1,TER M Proton Barrage Turret Mk1,turrets,equipment,1,equipment turret,88232,98035,107839,turret_ter_m_gatling_02_mk1_macro,ego_dlc_terran
turret_ter_m_guided_01_mk1,TER M Tracking Turret Mk1,turrets,equipment,1,missilelauncher noplayerblueprint turret,62937,69930,76923,turret_ter_m_guided_01_mk1_macro,ego_dlc_terran
turret_ter_m_guided_02_mk1,TER M Tracking Turret Mk1,turrets,equipment,1,equipment missilelauncher turret,62937,69930,76923,turret_ter_m_guided_02_mk1_macro,ego_dlc_terran
turret_ter_m_laser_01_mk1,TER M Pulse Turret Mk1,turrets,equipment,1,equipment turret,43277,48085,52894,turret_ter_m_laser_01_mk1_macro,ego_dlc_terran
turret_ter_m_laser_02_mk1,TER M Pulse Turret Mk1,turrets,equipment,1,equipment turret,43277,48085,52894,turret_ter_m_laser_02_mk1_macro,ego_dlc_terran
turret_ter_m_mining_01_mk1,TER M Mining Turret Mk1,turrets,equipment,1,equipment turret,14985,16650,18315,turret_ter_m_mining_01_mk1_macro,ego_dlc_terran
turret_ter_m_mining_02_mk1,TER M Mining Turret Mk1,turrets,equipment,1,equipment turret,14985,16650,18315,turret_ter_m_mining_02_mk1_macro,ego_dlc_terran
weapon_atf_xl_battleship_01_mk1,ATF XL Main Battery,weapons,equipment,1,equipment nocustomgamestart nodiplomacyblueprint weapon,8323268,9248076,10172884,weapon_atf_xl_battleship_01_mk1_macro,ego_dlc_terran
weapon_clustermine_01,Cluster Mine,weapons,equipment,1,equipment mine,5812,6838,7862,weapon_clustermine_01_macro,ego_dlc_terran
weapon_ter_l_destroyer_01_mk1,Terran Main Battery,weapons,equipment,1,equipment weapon,1699448,1888276,2077104,weapon_ter_l_destroyer_01_mk1_macro,ego_dlc_terran
weapon_ter_m_beam_01_mk1,TER M Meson Stream Mk1,weapons,equipment,1,equipment weapon,372827,414252,455677,weapon_ter_m_beam_01_mk1_macro,ego_dlc_terran
weapon_ter_m_beam_01_mk2,TER M Meson Stream Mk2,weapons,equipment,1,equipment weapon,1731067,1923408,2115749,weapon_ter_m_beam_01_mk2_macro,ego_dlc_terran
weapon_ter_m_gatling_01_mk1,TER M Proton Barrage Mk1,weapons,equipment,1,equipment weapon,94900,105444,115988,weapon_ter_m_gatling_01_mk1_macro,ego_dlc_terran
weapon_ter_m_gatling_01_mk2,TER M Proton Barrage Mk2,weapons,equipment,1,equipment weapon,626013,695570,765127,weapon_ter_m_gatling_01_mk2_macro,ego_dlc_terran
weapon_ter_m_laser_01_mk1,TER M Pulse Laser Mk1,weapons,equipment,1,equipment weapon,96564,107293,118022,weapon_ter_m_laser_01_mk1_macro,ego_dlc_terran
weapon_ter_m_laser_01_mk2,TER M Pulse Laser Mk2,weapons,equipment,1,equipment weapon,506133,562370,618607,weapon_ter_m_laser_01_mk2_macro,ego_dlc_terran
weapon_ter_s_beam_01_mk1,TER S Meson Stream Mk1,weapons,equipment,1,equipment weapon,248551,276168,303785,weapon_ter_s_beam_01_mk1_macro,ego_dlc_terran
weapon_ter_s_beam_01_mk2,TER S Meson Stream Mk2,weapons,equipment,1,equipment weapon,816943,907714,998485,weapon_ter_s_beam_01_mk2_macro,ego_dlc_terran
weapon_ter_s_gatling_01_mk1,TER S Proton Barrage Mk1,weapons,equipment,1,equipment weapon,84355,93728,103101,weapon_ter_s_gatling_01_mk1_macro,ego_dlc_terran
weapon_ter_s_gatling_01_mk2,TER S Proton Barrage Mk2,weapons,equipment,1,equipment weapon,417343,463714,510085,weapon_ter_s_gatling_01_mk2_macro,ego_dlc_terran
weapon_ter_s_laser_01_mk1,TER S Pulse Laser Mk1,weapons,equipment,1,equipment weapon,38625,42917,47209,weapon_ter_s_laser_01_mk1_macro,ego_dlc_terran
weapon_ter_s_laser_01_mk2,TER S Pulse Laser Mk2,weapons,equipment,1,equipment weapon,337423,374914,412405,weapon_ter_s_laser_01_mk2_macro,ego_dlc_terran
engine_arg_s_racer_01_mk1,ARG S Racing Engine Mk1,engines,equipment,1,engine equipment,199910,222124,244336,engine_arg_s_racer_01_mk1_macro,ego_dlc_timelines
engine_gen_s_racer_01_mk1,S Racing Engine Mk1,engines,equipment,1,engine equipment,217228,241364,265500,engine_gen_s_racer_01_mk1_macro,ego_dlc_timelines
engine_gen_s_racer_01_mk2,S Racing Engine Mk2,engines,equipment,1,engine equipment,289637,321819,354000,engine_gen_s_racer_01_mk2_macro,ego_dlc_timelines
engine_par_s_racer_01_mk1,PAR S Racing Engine Mk1,engines,equipment,1,engine equipment,199910,222124,244336,engine_par_s_racer_01_mk1_macro,ego_dlc_timelines
engine_tel_s_racer_01_mk1,TEL S Racing Engine Mk1,engines,equipment,1,engine equipment,239689,266322,292954,engine_tel_s_racer_01_mk1_macro,ego_dlc_timelines
engine_ter_l_allround_02_mk1,TER L Frontier Engine Mk1,engines,equipment,1,engine equipment nocustomgamestart nodiplomacyblueprint,754907,838785,922664,engine_ter_l_allround_02_mk1_macro,ego_dlc_timelines
engine_ter_m_virtual_01_mk1,TER M Frontier Engine Mk1,engines,equipment,1,engine equipment nocustomgamestart nodiplomacyblueprint,76478,95598,114717,engine_ter_m_virtual_01_mk1_macro,ego_dlc_timelines
engine_ter_s_virtual_01_mk1,TER S Frontier Engine Mk1,engines,equipment,1,engine equipment nocustomgamestart nodiplomacyblueprint,87539,97265,106992,engine_ter_s_virtual_01_mk1_macro,ego_dlc_timelines
engine_xen_xl_mothership_01_allround_mk1,Xenon XL Engine,engines,equipment,1,engine equipment noplayerblueprint,498332,600400,702468,engine_xen_xl_mothership_01_allround_mk1_macro,ego_dlc_timelines
missile_flagship_heavy_mk1,Heavy Barrage Missile Mk1,missiles,equipment,1,equipment missile,1564,1840,2116,missile_flagship_heavy_mk1_macro,ego_dlc_timelines
missile_flagship_light_mk1,Light Barrage Missile Mk1,missiles,equipment,1,equipment missile,1324,1558,1791,missile_flagship_light_mk1_macro,ego_dlc_timelines
module_conn_arg_antigonearc_01,Argon Arc Connection Structure 02,,container,1,module rewarded,160148,188410,216671,landmarks_arg_antigonearc_01_macro,ego_dlc_timelines
module_conn_arg_antigonescaffolding_01,Argon Span Connection Structure 02,,container,1,module rewarded,179063,210663,242262,landmarks_arg_antigonescaffolding_01_macro,ego_dlc_timelines
module_conn_arg_antigonestraight_01,Argon Span Connection Structure 01,,container,1,module rewarded,126101,148354,170607,landmarks_arg_antigonestraight_01_macro,ego_dlc_timelines
module_hab_arg_antigonepillar_01,Argon L Housing Spire,,container,1,module rewarded,16691091,19636578,22582065,landmarks_arg_antigonepillar_01_macro,ego_dlc_timelines
module_hab_arg_antigonespire_01,Argon XL Housing Spire,,container,1,module rewarded,23611353,27778063,31944772,landmarks_arg_antigonespire_01_macro,ego_dlc_timelines
mod_engine_boostthrust_escort_scenario,Atlas (Boost Thrust Mod - Exceptional Quality),,inventory,1,crafting equipmentmod noplayerblueprint,212500,250000,287500,,ego_dlc_timelines
mod_engine_travelthrust_transport_refugees,Vinci (Travel Thrust Mod - Enhanced Quality),,inventory,1,crafting equipmentmod noplayerblueprint,212500,250000,287500,,ego_dlc_timelines
mod_weapon_damage_fleet_battle_1,Obliterator (Damage Mod - Exceptional Quality),,inventory,1,crafting equipmentmod noplayerblueprint,1062500,1250000,1437500,,ego_dlc_timelines
research_ship_arg_s_racing_01,Elite Sport,,research,1,nocustomgamestart research,1,1,1,,ego_dlc_timelines
research_ship_par_s_racing_01,Theseus Sport,,research,1,nocustomgamestart research,1,1,1,,ego_dlc_timelines
research_ship_tel_s_racing_01,Kestrel Sport,,research,1,nocustomgamestart research,1,1,1,,ego_dlc_timelines
research_ship_ter_l_flagship_01,Sapporo,,research,1,nocustomgamestart research,1,1,1,,ego_dlc_timelines
research_ship_ter_m_corvette_01,Odachi,,research,1,nocustomgamestart research,1,1,1,,ego_dlc_timelines
research_ship_ter_s_fighter_01,Cutlass,,research,1,nocustomgamestart research,1,1,1,,ego_dlc_timelines
shield_arg_s_racer_01_mk1,ARG S Shield Generator Mk1,shields,equipment,1,equipment shield,12223,13582,14939,shield_arg_s_racer_01_mk1_macro,ego_dlc_timelines
shield_gen_s_racer_01_mk1,S Racing Shield Generator Mk1,shields,equipment,1,equipment shield,13242,14713,16184,shield_gen_s_racer_01_mk1_macro,ego_dlc_timelines
shield_par_s_racer_01_mk1,PAR S Shield Generator Mk1,shields,equipment,1,equipment shield,13691,15212,16733,shield_par_s_racer_01_mk1_macro,ego_dlc_timelines
shield_tel_s_racer_01_mk1,TEL S Shield Generator Mk1,shields,equipment,1,equipment shield,12224,13582,13582,shield_tel_s_racer_01_mk1_macro,ego_dlc_timelines
shield_ter_l_standard_02_mk1,TER L Frontier Shield Generator Mk1,shields,equipment,1,equipment nocustomgamestart nodiplomacyblueprint shield,104540,116156,127772,shield_ter_l_standard_02_mk1_macro,ego_dlc_timelines
shield_ter_l_standard_02_mk2,TER L Frontier Shield Generator Mk2,shields,equipment,1,equipment nocustomgamestart shield,394916,438795,482675,shield_ter_l_standard_02_mk2_macro,ego_dlc_timelines
shield_ter_l_standard_02_mk3,TER L Frontier Shield Generator Mk3,shields,equipment,1,equipment nocustomgamestart shield,1014959,1127732,1240505,shield_ter_l_standard_02_mk3_macro,ego_dlc_timelines
shield_ter_m_standard_04_mk1,TER M Frontier Shield Generator Mk1,shields,equipment,1,equipment nocustomgamestart shield,93789,104210,114631,shield_ter_m_standard_04_mk1_macro,ego_dlc_timelines
shield_ter_m_standard_04_mk2,TER M Frontier Shield Generator Mk2,shields,equipment,1,equipment nocustomgamestart shield,174653,194059,213465,shield_ter_m_standard_04_mk2_macro,ego_dlc_timelines
shield_ter_m_standard_04_mk3,TER M Frontier Shield Generator Mk3,shields,equipment,1,equipment nocustomgamestart shield,764335,849262,934188,shield_ter_m_standard_04_mk3_macro,ego_dlc_timelines
shield_ter_m_virtual_01_mk1,TER M Frontier Shield Generator Mk1,shields,equipment,1,equipment nocustomgamestart shield,93789,104210,114631,shield_ter_m_virtual_01_mk1_macro,ego_dlc_timelines
shield_ter_m_virtual_01_mk2,TER M Frontier Shield Generator Mk2,shields,equipment,1,equipment nocustomgamestart shield,174653,194059,213465,shield_ter_m_virtual_01_mk2_macro,ego_dlc_timelines
shield_ter_m_virtual_01_mk3,TER M Frontier Shield Generator Mk3,shields,equipment,1,equipment nocustomgamestart shield,764335,849262,934188,shield_ter_m_virtual_01_mk3_macro,ego_dlc_timelines
shield_ter_s_virtual_01_mk1,TER S Frontier Shield Generator Mk1,shields,equipment,1,equipment nocustomgamestart shield,22586,25095,27605,shield_ter_s_virtual_01_mk1_macro,ego_dlc_timelines
shield_ter_s_xperimental_01_mk5,TER S Frontier Shield Generator Mk5,shields,equipment,1,equipment nocustomgamestart shield,412740,458600,504460,shield_ter_s_xperimental_01_mk5_macro,ego_dlc_timelines
shield_xen_xl_mothership_01_mk1,Xenon XL Shield Generator,shields,equipment,1,equipment noplayerblueprint shield,320048,385600,451152,shield_xen_xl_mothership_01_mk1_macro,ego_dlc_timelines
ship_arg_s_racer_01_a,Elite Sport,,ship,1,limited nocustomgamestart ship,146598,172350,198203,ship_arg_s_racer_01_a_macro,ego_dlc_timelines
ship_gen_s_racer_01_a,Dart,,ship,1,limited nocustomgamestart ship,294823,346850,398878,ship_gen_s_racer_01_a_macro,ego_dlc_timelines
ship_par_s_racer_01_a,Theseus Sport,,ship,1,limited nocustomgamestart ship,163320,191440,223781,ship_par_s_racer_01_a_macro,ego_dlc_timelines
ship_tel_s_racer_01_a,Kestrel Sport,,ship,1,limited nocustomgamestart ship,146332,163250,171398,ship_tel_s_racer_01_a_macro,ego_dlc_timelines
ship_ter_l_flagship_01_a,Sapporo,,ship,1,nocustomgamestart ship,5679310,7099138,8518965,ship_ter_l_flagship_01_a_macro,ego_dlc_timelines
ship_ter_m_corvette_02_a,Odachi,,ship,1,nocustomgamestart ship,1904549,2116165,2327782,ship_ter_m_corvette_02_a_macro,ego_dlc_timelines
ship_ter_s_fighter_04_a,Cutlass,,ship,1,nocustomgamestart ship,275041,343801,412561,ship_ter_s_fighter_04_a_macro,ego_dlc_timelines
ship_ter_s_xperimental_01_a,Xperimental Shuttle,,ship,1,limited nocustomgamestart ship,1058607,1323258,1587910,ship_ter_s_xperimental_01_a_macro,ego_dlc_timelines
ship_xen_xl_mothership_01,M0,,ship,1,noplayerblueprint ship,13039000,15340000,17641000,ship_xen_xl_mothership_01_a_macro,ego_dlc_timelines
turret_ter_m_laser_03_mk1,TER M Electromagnetic Turret Mk1,turrets,equipment,1,equipment missiononly turret,133187,147985,162784,turret_ter_m_laser_03_mk1_macro,ego_dlc_timelines
turret_ter_m_laser_04_mk1,TER M Electromagnetic Turret Mk1,turrets,equipment,1,equipment missiononly turret,133187,147985,162784,turret_ter_m_laser_04_mk1_macro,ego_dlc_timelines
turret_xen_xl_battleship_01_mk1,XEN XL Omega Turret Mk1,turrets,equipment,1,equipment noplayerblueprint turret,40670,49000,57330,turret_xen_xl_battleship_01_mk1_macro,ego_dlc_timelines
weapon_gen_spacesuit_laser_03_mk1,Sporting Rifle,weapons,inventory,1,disallowdrop equipment inventory noblueprint noplayerblueprint personalupgrade weapon,80000,100000,120000,spacesuit_gen_laser_03_macro,ego_dlc_timelines
weapon_ter_l_flagship_01_mk1,TER Sapporo Launcher Array,weapons,equipment,1,equipment missilelauncher nocustomgamestart weapon,1798200,1998000,2197800,weapon_ter_l_flagship_01_mk1_macro,ego_dlc_timelines
weapon_ter_m_laser_02_mk1,TER M Electromagnetic Cannon Mk1,weapons,equipment,1,equipment missiononly weapon,246414,273793,301172,weapon_ter_m_laser_02_mk1_macro,ego_dlc_timelines
weapon_ter_s_laser_02_mk1,TER S Electromagnetic Gun Mk1,weapons,equipment,1,equipment missiononly weapon,164275,182528,200781,weapon_ter_s_laser_02_mk1_macro,ego_dlc_timelines
weapon_ter_s_plasma_01_mk1,ARG S Gamma HEPT Mk1,weapons,equipment,1,equipment missiononly weapon,168711,187457,206202,weapon_ter_s_plasma_01_mk1_macro,ego_dlc_timelines
